sim,field,region,arm,nrmse_mean,nrmse_std,vs_base_x,static_share,dyn_nrmse_fluctrange,n_seeds
sim_A_025,vx,all,base,1.5200e-01,1.1109e-03,1.0000e+00,9.9850e-01,2.5400e-02,5
sim_A_025,vx,all,ms,6.4070e-03,4.9768e-04,2.3724e+01,4.0374e-01,2.1382e-02,5
sim_A_025,vx,all,ms_t0,5.8150e-03,6.9855e-04,2.6138e+01,2.4686e-01,2.1852e-02,5
sim_A_025,vx,all,ms_tik,6.8371e-03,8.7355e-04,2.2231e+01,3.7253e-01,2.3438e-02,5
sim_A_025,vx,all,ms_tik_d10,8.1564e-03,7.2653e-05,1.8635e+01,3.3389e-01,2.8767e-02,5
sim_A_025,vx,all,ms_wall,6.0913e-03,8.9574e-04,2.4953e+01,3.9930e-01,2.0429e-02,5
sim_A_025,vx,near,base,1.9426e-01,1.5407e-03,1.0000e+00,9.9856e-01,3.1805e-02,5
sim_A_025,vx,near,ms,8.1533e-03,6.2878e-04,2.3826e+01,3.9342e-01,2.7430e-02,5
sim_A_025,vx,near,ms_t0,7.3027e-03,7.2026e-04,2.6601e+01,2.2117e-01,2.7879e-02,5
sim_A_025,vx,near,ms_tik,8.7689e-03,1.1184e-03,2.2153e+01,3.6812e-01,3.0159e-02,5
sim_A_025,vx,near,ms_tik_d10,1.0514e-02,9.5131e-05,1.8476e+01,3.3757e-01,3.6981e-02,5
sim_A_025,vx,near,ms_wall,7.8022e-03,1.1520e-03,2.4898e+01,3.9994e-01,2.6153e-02,5
sim_A_025,vx,wake,base,9.0598e-03,5.3736e-04,1.0000e+00,9.3185e-01,1.0004e-02,5
sim_A_025,vx,wake,ms,2.7939e-03,2.3582e-04,3.2427e+00,5.0756e-01,8.4239e-03,5
sim_A_025,vx,wake,ms_t0,2.5814e-03,5.7492e-04,3.5096e+00,4.9058e-01,7.7803e-03,5
sim_A_025,vx,wake,ms_tik,2.4415e-03,1.9901e-04,3.7107e+00,4.1982e-01,7.9990e-03,5
sim_A_025,vx,wake,ms_tik_d10,2.6738e-03,1.2528e-04,3.3884e+00,2.5705e-01,9.9671e-03,5
sim_A_025,vx,wake,ms_wall,2.3380e-03,2.9648e-04,3.8749e+00,3.7230e-01,7.9850e-03,5
sim_A_025,vx,far,base,8.5239e-02,1.4072e-04,1.0000e+00,9.9837e-01,1.4584e-02,5
sim_A_025,vx,far,ms,2.7466e-03,3.7111e-04,3.1034e+01,5.1923e-01,8.1590e-03,5
sim_A_025,vx,far,ms_t0,2.9806e-03,1.1231e-03,2.8598e+01,4.9954e-01,9.4329e-03,5
sim_A_025,vx,far,ms_tik,2.8499e-03,6.2397e-04,2.9909e+01,4.4787e-01,9.2136e-03,5
sim_A_025,vx,far,ms_tik_d10,3.1957e-03,1.7895e-04,2.6673e+01,2.7662e-01,1.1668e-02,5
sim_A_025,vx,far,ms_wall,2.4948e-03,5.1326e-04,3.4166e+01,4.1009e-01,8.3154e-03,5
sim_A_025,vx,surface,base,4.1976e-02,4.2261e-03,1.0000e+00,9.6247e-01,3.4330e-02,5
sim_A_025,vx,surface,ms,1.1250e-02,5.1646e-04,3.7313e+00,3.7400e-01,3.8408e-02,5
sim_A_025,vx,surface,ms_t0,9.9797e-03,3.4239e-04,4.2062e+00,1.7966e-01,3.9037e-02,5
sim_A_025,vx,surface,ms_tik,1.1363e-02,3.0831e-04,3.6943e+00,3.9653e-01,3.8060e-02,5
sim_A_025,vx,surface,ms_tik_d10,1.1669e-02,1.7169e-04,3.5973e+00,4.7833e-01,3.6423e-02,5
sim_A_025,vx,surface,ms_wall,9.9163e-03,1.4535e-03,4.2331e+00,4.5442e-01,3.1741e-02,5
sim_A_025,vy,all,base,3.3616e-02,2.4004e-03,1.0000e+00,9.7444e-01,1.6302e-02,5
sim_A_025,vy,all,ms,5.4818e-03,6.7394e-04,6.1324e+00,3.2086e-01,1.3845e-02,5
sim_A_025,vy,all,ms_t0,5.3102e-03,9.6992e-04,6.3306e+00,2.4972e-01,1.4104e-02,5
sim_A_025,vy,all,ms_tik,5.8514e-03,8.6847e-04,5.7451e+00,2.8116e-01,1.5231e-02,5
sim_A_025,vy,all,ms_tik_d10,7.1509e-03,8.4238e-05,4.7010e+00,1.7257e-01,1.9877e-02,5
sim_A_025,vy,all,ms_wall,5.3457e-03,7.7124e-04,6.2886e+00,3.2893e-01,1.3459e-02,5
sim_A_025,vy,near,base,4.3994e-02,3.2275e-03,1.0000e+00,9.8402e-01,1.6912e-02,5
sim_A_025,vy,near,ms,6.8369e-03,7.0448e-04,6.4347e+00,3.0446e-01,1.7466e-02,5
sim_A_025,vy,near,ms_t0,6.4945e-03,1.0892e-03,6.7740e+00,2.2206e-01,1.7533e-02,5
sim_A_025,vy,near,ms_tik,7.2853e-03,9.4937e-04,6.0386e+00,2.7522e-01,1.9021e-02,5
sim_A_025,vy,near,ms_tik_d10,8.8009e-03,7.5882e-05,4.9987e+00,1.9005e-01,2.4204e-02,5
sim_A_025,vy,near,ms_wall,6.6951e-03,8.8504e-04,6.5710e+00,3.2660e-01,1.6876e-02,5
sim_A_025,vy,wake,base,7.5533e-03,4.6457e-04,1.0000e+00,6.3643e-01,1.3893e-02,5
sim_A_025,vy,wake,ms,2.2418e-03,6.3276e-04,3.3694e+00,5.9299e-01,4.4182e-03,5
sim_A_025,vy,wake,ms_t0,2.2604e-03,5.8497e-04,3.3415e+00,4.9951e-01,5.0017e-03,5
sim_A_025,vy,wake,ms_tik,2.4710e-03,9.2408e-04,3.0568e+00,4.2059e-01,6.0159e-03,5
sim_A_025,vy,wake,ms_tik_d10,3.0736e-03,3.1094e-04,2.4574e+00,7.3766e-02,9.0495e-03,5
sim_A_025,vy,wake,ms_wall,2.1169e-03,8.6206e-04,3.5682e+00,4.8365e-01,4.8133e-03,5
sim_A_025,vy,far,base,9.3700e-03,6.3205e-04,1.0000e+00,6.6450e-01,1.6555e-02,5
sim_A_025,vy,far,ms,3.2486e-03,8.6528e-04,2.8843e+00,3.8898e-01,7.7511e-03,5
sim_A_025,vy,far,ms_t0,3.7214e-03,1.0172e-03,2.5179e+00,4.0133e-01,8.9638e-03,5
sim_A_025,vy,far,ms_tik,3.4621e-03,9.2580e-04,2.7064e+00,3.2411e-01,8.7856e-03,5
sim_A_025,vy,far,ms_tik_d10,4.7675e-03,3.1088e-04,1.9654e+00,6.4707e-02,1.4089e-02,5
sim_A_025,vy,far,ms_wall,3.0702e-03,5.3360e-04,3.0519e+00,3.0208e-01,7.8761e-03,5
sim_A_025,vy,surface,base,3.7982e-02,1.1770e-02,1.0000e+00,9.7612e-01,1.6970e-02,5
sim_A_025,vy,surface,ms,9.1975e-03,1.2620e-03,4.1296e+00,4.2651e-01,2.1415e-02,5
sim_A_025,vy,surface,ms_t0,7.8338e-03,1.7515e-03,4.8484e+00,2.1893e-01,2.1226e-02,5
sim_A_025,vy,surface,ms_tik,1.0039e-02,1.5665e-03,3.7832e+00,3.8492e-01,2.4275e-02,5
sim_A_025,vy,surface,ms_tik_d10,1.2029e-02,5.6135e-05,3.1575e+00,2.7661e-01,3.1264e-02,5
sim_A_025,vy,surface,ms_wall,9.2729e-03,1.5762e-03,4.0960e+00,4.7099e-01,2.0852e-02,5
sim_A_025,p,all,base,4.2118e-02,7.2134e-04,1.0000e+00,9.7221e-01,1.4466e-02,5
sim_A_025,p,all,ms,7.8046e-03,1.1373e-03,5.3966e+00,1.8771e-01,1.4546e-02,5
sim_A_025,p,all,ms_t0,8.1383e-03,1.9274e-03,5.1753e+00,2.3029e-01,1.4788e-02,5
sim_A_025,p,all,ms_tik,8.8867e-03,1.9845e-03,4.7394e+00,1.4554e-01,1.7024e-02,5
sim_A_025,p,all,ms_tik_d10,1.1753e-02,6.2915e-05,3.5837e+00,8.3306e-02,2.3239e-02,5
sim_A_025,p,all,ms_wall,7.2251e-03,1.3181e-03,5.8294e+00,1.9843e-01,1.3408e-02,5
sim_A_025,p,near,base,5.5424e-02,9.4856e-04,1.0000e+00,9.7485e-01,1.8091e-02,5
sim_A_025,p,near,ms,9.7340e-03,1.2718e-03,5.6938e+00,1.4802e-01,1.8566e-02,5
sim_A_025,p,near,ms_t0,1.0189e-02,2.1883e-03,5.4394e+00,2.0519e-01,1.8789e-02,5
sim_A_025,p,near,ms_tik,1.1368e-02,2.5811e-03,4.8753e+00,1.1894e-01,2.2104e-02,5
sim_A_025,p,near,ms_tik_d10,1.5294e-02,1.0689e-04,3.6238e+00,8.1011e-02,3.0280e-02,5
sim_A_025,p,near,ms_wall,9.1235e-03,1.7918e-03,6.0749e+00,1.6991e-01,1.7225e-02,5
sim_A_025,p,wake,base,7.2571e-03,1.1183e-03,1.0000e+00,7.6788e-01,6.9743e-03,5
sim_A_025,p,wake,ms,3.5002e-03,3.3243e-04,2.0733e+00,5.5616e-01,4.8358e-03,5
sim_A_025,p,wake,ms_t0,3.2912e-03,8.8937e-04,2.2050e+00,4.4837e-01,5.1457e-03,5
sim_A_025,p,wake,ms_tik,2.8711e-03,3.0073e-04,2.5277e+00,4.5302e-01,4.3376e-03,5
sim_A_025,p,wake,ms_tik_d10,2.3468e-03,4.1172e-04,3.0923e+00,1.7431e-01,4.4255e-03,5
sim_A_025,p,wake,ms_wall,3.0280e-03,3.0170e-04,2.3967e+00,4.3152e-01,4.6789e-03,5
sim_A_025,p,far,base,9.3801e-03,5.4173e-04,1.0000e+00,8.4297e-01,7.6345e-03,5
sim_A_025,p,far,ms,4.4254e-03,1.4950e-03,2.1196e+00,4.9735e-01,6.6813e-03,5
sim_A_025,p,far,ms_t0,4.6128e-03,2.1546e-03,2.0335e+00,4.9742e-01,7.0743e-03,5
sim_A_025,p,far,ms_tik,4.0528e-03,1.2098e-03,2.3144e+00,4.6148e-01,6.1182e-03,5
sim_A_025,p,far,ms_tik_d10,4.2985e-03,1.8871e-04,2.1822e+00,1.3890e-01,8.2423e-03,5
sim_A_025,p,far,ms_wall,3.6127e-03,2.4554e-04,2.5964e+00,4.7323e-01,5.3924e-03,5
sim_A_025,p,surface,base,3.5106e-02,3.2820e-03,1.0000e+00,9.1382e-01,2.0938e-02,5
sim_A_025,p,surface,ms,1.1582e-02,3.0045e-03,3.0312e+00,1.7958e-01,2.1790e-02,5
sim_A_025,p,surface,ms_t0,1.2501e-02,4.9996e-03,2.8083e+00,2.2410e-01,2.2852e-02,5
sim_A_025,p,surface,ms_tik,1.5607e-02,5.3363e-03,2.2493e+00,1.4509e-01,3.0095e-02,5
sim_A_025,p,surface,ms_tik_d10,2.3164e-02,1.2067e-04,1.5156e+00,8.1420e-02,4.5850e-02,5
sim_A_025,p,surface,ms_wall,1.1597e-02,3.5812e-03,3.0271e+00,2.6496e-01,2.0869e-02,5
sim_Cc_060,vx,all,base,1.0948e-01,7.8731e-04,1.0000e+00,9.6823e-01,2.5574e-02,5
sim_Cc_060,vx,all,ms,1.8881e-02,1.2696e-03,5.7986e+00,3.0729e-02,2.4366e-02,5
sim_Cc_060,vx,all,ms_t0,2.0425e-02,1.4003e-03,5.3604e+00,5.5582e-02,2.6009e-02,5
sim_Cc_060,vx,all,ms_tik,1.9479e-02,2.4700e-03,5.6205e+00,2.8502e-02,2.5165e-02,5
sim_Cc_060,vx,all,ms_tik_d10,2.2842e-02,1.7116e-04,4.7931e+00,2.6765e-02,2.9534e-02,5
sim_Cc_060,vx,all,ms_wall,2.0042e-02,1.1674e-03,5.4626e+00,3.1956e-02,2.5849e-02,5
sim_Cc_060,vx,near,base,1.3983e-01,1.0877e-03,1.0000e+00,9.6820e-01,3.2679e-02,5
sim_Cc_060,vx,near,ms,2.4393e-02,1.6592e-03,5.7325e+00,2.8528e-02,3.1514e-02,5
sim_Cc_060,vx,near,ms_t0,2.6450e-02,1.8640e-03,5.2868e+00,5.4310e-02,3.3704e-02,5
sim_Cc_060,vx,near,ms_tik,2.5242e-02,3.2515e-03,5.5397e+00,2.6885e-02,3.2636e-02,5
sim_Cc_060,vx,near,ms_tik_d10,2.9506e-02,3.2699e-04,4.7392e+00,2.6537e-02,3.8154e-02,5
sim_Cc_060,vx,near,ms_wall,2.5986e-02,1.5507e-03,5.3811e+00,3.1223e-02,3.3526e-02,5
sim_Cc_060,vx,wake,base,1.0377e-02,2.4198e-04,1.0000e+00,3.4035e-01,1.1039e-02,5
sim_Cc_060,vx,wake,ms,7.4490e-03,4.1786e-04,1.3930e+00,5.3667e-02,9.5000e-03,5
sim_Cc_060,vx,wake,ms_t0,7.7032e-03,1.5447e-04,1.3471e+00,6.6993e-02,9.7505e-03,5
sim_Cc_060,vx,wake,ms_tik,7.3261e-03,4.6603e-04,1.4164e+00,4.5044e-02,9.3838e-03,5
sim_Cc_060,vx,wake,ms_tik_d10,7.9363e-03,2.5158e-04,1.3075e+00,3.0687e-02,1.0241e-02,5
sim_Cc_060,vx,wake,ms_wall,7.8063e-03,3.5936e-04,1.3293e+00,3.8684e-02,1.0033e-02,5
sim_Cc_060,vx,far,base,6.1445e-02,1.2463e-04,1.0000e+00,9.8426e-01,1.0061e-02,5
sim_Cc_060,vx,far,ms,5.7759e-03,4.4561e-04,1.0638e+01,9.1474e-02,7.2181e-03,5
sim_Cc_060,vx,far,ms_t0,5.9754e-03,4.7853e-04,1.0283e+01,1.0197e-01,7.4170e-03,5
sim_Cc_060,vx,far,ms_tik,5.5294e-03,8.0988e-04,1.1112e+01,8.2744e-02,6.9481e-03,5
sim_Cc_060,vx,far,ms_tik_d10,8.0211e-03,1.0239e-03,7.6604e+00,3.1509e-02,1.0347e-02,5
sim_Cc_060,vx,far,ms_wall,5.2134e-03,2.9786e-04,1.1786e+01,6.4978e-02,6.6093e-03,5
sim_Cc_060,vx,surface,base,3.8366e-02,2.2109e-03,1.0000e+00,5.5060e-01,3.3566e-02,5
sim_Cc_060,vx,surface,ms,2.8201e-02,1.1673e-03,1.3604e+00,2.5632e-02,3.6485e-02,5
sim_Cc_060,vx,surface,ms_t0,2.9831e-02,2.4380e-03,1.2861e+00,6.1590e-02,3.7862e-02,5
sim_Cc_060,vx,surface,ms_tik,2.7363e-02,3.7604e-03,1.4021e+00,2.2902e-02,3.5443e-02,5
sim_Cc_060,vx,surface,ms_tik_d10,3.1999e-02,1.1867e-03,1.1989e+00,2.8343e-02,4.1341e-02,5
sim_Cc_060,vx,surface,ms_wall,2.9969e-02,4.7322e-03,1.2802e+00,3.4102e-02,3.8610e-02,5
sim_Cc_060,vy,all,base,2.3825e-02,1.3160e-03,1.0000e+00,7.5574e-01,1.5060e-02,5
sim_Cc_060,vy,all,ms,1.0079e-02,9.3117e-04,2.3638e+00,3.5285e-02,1.2710e-02,5
sim_Cc_060,vy,all,ms_t0,1.0668e-02,1.1340e-03,2.2334e+00,6.8777e-02,1.3216e-02,5
sim_Cc_060,vy,all,ms_tik,1.0693e-02,1.3115e-03,2.2281e+00,3.2482e-02,1.3503e-02,5
sim_Cc_060,vy,all,ms_tik_d10,1.1858e-02,2.1849e-04,2.0092e+00,2.4147e-02,1.5036e-02,5
sim_Cc_060,vy,all,ms_wall,1.0278e-02,1.0093e-03,2.3181e+00,3.3923e-02,1.2970e-02,5
sim_Cc_060,vy,near,base,2.9739e-02,1.8660e-03,1.0000e+00,8.3683e-01,1.5365e-02,5
sim_Cc_060,vy,near,ms,1.2276e-02,9.9980e-04,2.4225e+00,3.2098e-02,1.5504e-02,5
sim_Cc_060,vy,near,ms_t0,1.2841e-02,1.2632e-03,2.3158e+00,6.9989e-02,1.5900e-02,5
sim_Cc_060,vy,near,ms_tik,1.2903e-02,1.1949e-03,2.3047e+00,2.8909e-02,1.6324e-02,5
sim_Cc_060,vy,near,ms_tik_d10,1.4775e-02,1.5417e-04,2.0127e+00,2.2117e-02,1.8755e-02,5
sim_Cc_060,vy,near,ms_wall,1.2458e-02,1.0981e-03,2.3871e+00,3.1656e-02,1.5738e-02,5
sim_Cc_060,vy,wake,base,1.2285e-02,1.0684e-03,1.0000e+00,1.0473e-01,1.4928e-02,5
sim_Cc_060,vy,wake,ms,5.7688e-03,9.1006e-04,2.1295e+00,5.6148e-02,7.2014e-03,5
sim_Cc_060,vy,wake,ms_t0,6.5028e-03,9.6821e-04,1.8892e+00,6.8705e-02,8.0442e-03,5
sim_Cc_060,vy,wake,ms_tik,6.2542e-03,1.7525e-03,1.9642e+00,5.5116e-02,7.8133e-03,5
sim_Cc_060,vy,wake,ms_tik_d10,4.4600e-03,5.1175e-04,2.7544e+00,3.9082e-02,5.6118e-03,5
sim_Cc_060,vy,wake,ms_wall,5.7848e-03,1.1837e-03,2.1236e+00,4.6247e-02,7.2613e-03,5
sim_Cc_060,vy,far,base,1.2281e-02,8.0470e-04,1.0000e+00,1.7525e-01,1.4322e-02,5
sim_Cc_060,vy,far,ms,6.3459e-03,9.6568e-04,1.9352e+00,5.2385e-02,7.9391e-03,5
sim_Cc_060,vy,far,ms_t0,7.1016e-03,1.0691e-03,1.7293e+00,5.6447e-02,8.8552e-03,5
sim_Cc_060,vy,far,ms_tik,7.0280e-03,1.9422e-03,1.7474e+00,4.9703e-02,8.8071e-03,5
sim_Cc_060,vy,far,ms_tik_d10,7.3651e-03,9.3140e-04,1.6674e+00,3.8504e-02,9.2685e-03,5
sim_Cc_060,vy,far,ms_wall,6.7766e-03,1.1072e-03,1.8122e+00,4.5158e-02,8.5074e-03,5
sim_Cc_060,vy,surface,base,2.8285e-02,6.1300e-03,1.0000e+00,6.6770e-01,2.0019e-02,5
sim_Cc_060,vy,surface,ms,1.7599e-02,9.2040e-04,1.6071e+00,2.9585e-02,2.2256e-02,5
sim_Cc_060,vy,surface,ms_t0,1.8589e-02,1.1989e-03,1.5216e+00,8.3676e-02,2.2847e-02,5
sim_Cc_060,vy,surface,ms_tik,1.8212e-02,1.0278e-03,1.5531e+00,2.8348e-02,2.3044e-02,5
sim_Cc_060,vy,surface,ms_tik_d10,1.9978e-02,8.4859e-05,1.4158e+00,2.3828e-02,2.5337e-02,5
sim_Cc_060,vy,surface,ms_wall,1.7314e-02,1.8276e-03,1.6336e+00,3.6335e-02,2.1820e-02,5
sim_Cc_060,p,all,base,2.4355e-02,4.6971e-04,1.0000e+00,6.7615e-01,1.4873e-02,5
sim_Cc_060,p,all,ms,1.2822e-02,7.2435e-04,1.8994e+00,6.9505e-02,1.3281e-02,5
sim_Cc_060,p,all,ms_t0,1.3515e-02,1.6850e-03,1.8021e+00,8.5129e-02,1.3872e-02,5
sim_Cc_060,p,all,ms_tik,1.3902e-02,1.3176e-03,1.7519e+00,6.1325e-02,1.4470e-02,5
sim_Cc_060,p,all,ms_tik_d10,1.5505e-02,4.3653e-05,1.5707e+00,2.3749e-02,1.6442e-02,5
sim_Cc_060,p,all,ms_wall,1.2310e-02,1.1760e-03,1.9785e+00,7.1335e-02,1.2735e-02,5
sim_Cc_060,p,near,base,3.0607e-02,6.6735e-04,1.0000e+00,7.4321e-01,1.6641e-02,5
sim_Cc_060,p,near,ms,1.5616e-02,1.0001e-03,1.9601e+00,5.4663e-02,1.6302e-02,5
sim_Cc_060,p,near,ms_t0,1.6668e-02,2.2177e-03,1.8363e+00,7.6806e-02,1.7184e-02,5
sim_Cc_060,p,near,ms_tik,1.7250e-02,1.8449e-03,1.7743e+00,4.9329e-02,1.8065e-02,5
sim_Cc_060,p,near,ms_tik_d10,2.0038e-02,1.1765e-04,1.5275e+00,2.3274e-02,2.1254e-02,5
sim_Cc_060,p,near,ms_wall,1.5082e-02,1.7233e-03,2.0293e+00,6.1348e-02,1.5685e-02,5
sim_Cc_060,p,wake,base,1.1951e-02,2.2685e-04,1.0000e+00,6.9950e-02,1.2367e-02,5
sim_Cc_060,p,wake,ms,7.4000e-03,8.5978e-04,1.6149e+00,1.4425e-01,7.3426e-03,5
sim_Cc_060,p,wake,ms_t0,6.8767e-03,4.7725e-04,1.7378e+00,1.4453e-01,6.8201e-03,5
sim_Cc_060,p,wake,ms_tik,7.1432e-03,3.8570e-04,1.6730e+00,1.3033e-01,7.1392e-03,5
sim_Cc_060,p,wake,ms_tik_d10,3.8122e-03,5.7108e-04,3.1348e+00,3.0725e-02,4.0296e-03,5
sim_Cc_060,p,wake,ms_wall,6.8831e-03,2.7225e-04,1.7362e+00,1.3320e-01,6.8727e-03,5
sim_Cc_060,p,far,base,1.1925e-02,1.3173e-04,1.0000e+00,1.2536e-01,1.1969e-02,5
sim_Cc_060,p,far,ms,8.0037e-03,4.1317e-04,1.4899e+00,1.4768e-01,7.9334e-03,5
sim_Cc_060,p,far,ms_t0,8.1191e-03,1.0929e-03,1.4687e+00,1.3008e-01,8.1312e-03,5
sim_Cc_060,p,far,ms_tik,7.7593e-03,3.8955e-04,1.5368e+00,1.3901e-01,7.7252e-03,5
sim_Cc_060,p,far,ms_tik_d10,6.3945e-03,8.7039e-04,1.8648e+00,3.5481e-02,6.7439e-03,5
sim_Cc_060,p,far,ms_wall,7.3810e-03,3.1388e-04,1.6156e+00,1.2180e-01,7.4261e-03,5
sim_Cc_060,p,surface,base,2.5164e-02,2.3058e-03,1.0000e+00,4.0488e-01,2.0802e-02,5
sim_Cc_060,p,surface,ms,1.9451e-02,2.9573e-03,1.2937e+00,5.6272e-02,2.0302e-02,5
sim_Cc_060,p,surface,ms_t0,1.9781e-02,4.8452e-03,1.2721e+00,8.3131e-02,2.0337e-02,5
sim_Cc_060,p,surface,ms_tik,2.3159e-02,4.3550e-03,1.0866e+00,4.7789e-02,2.4293e-02,5
sim_Cc_060,p,surface,ms_tik_d10,2.9729e-02,1.1820e-04,8.4644e-01,2.5999e-02,3.1489e-02,5
sim_Cc_060,p,surface,ms_wall,1.8939e-02,3.7490e-03,1.3287e+00,6.8606e-02,1.9643e-02,5
