sim_id,family,split,W0,Tg,r_g,controller,K_ff,t_d,delta_pk,rate_max,R_star,t_end
sim_A_001_train,A,train,24.3228,0.6281,0.304,schedule,,,,,,1.5281
sim_A_002_train,A,train,36.5887,0.9365,0.4574,schedule,,,,,,1.8365
sim_A_003_train,A,train,38.3082,0.99,0.4789,schedule,,,,,,1.89
sim_A_004_train,A,train,12.9359,0.8329,0.1617,schedule,,,,,,1.7329
sim_A_005_train,A,train,15.1719,0.3978,0.1896,schedule,,,,,,1.2978
sim_A_006_train,A,train,47.098,0.8838,0.5887,schedule,,,,,,1.7838
sim_A_007_train,A,train,22.5483,1.1652,0.2819,schedule,,,,,,2.0652
sim_A_008_train,A,train,40.7499,1.0267,0.5094,schedule,,,,,,1.9267
sim_A_009_train,A,train,27.0001,0.5333,0.3375,schedule,,,,,,1.4333
sim_A_010_train,A,train,16.103,0.3324,0.2013,schedule,,,,,,1.2324
sim_A_011_train,A,train,10.3636,0.6828,0.1295,schedule,,,,,,1.5828
sim_A_012_train,A,train,45.948,0.4454,0.5744,schedule,,,,,,1.3454
sim_A_013_train,A,train,19.0102,1.094,0.2376,schedule,,,,,,1.994
sim_A_014_train,A,train,21.7431,0.5847,0.2718,schedule,,,,,,1.4847
sim_A_015_train,A,train,9.9413,0.7689,0.1243,schedule,,,,,,1.6689
sim_A_016_train,A,train,32.3399,0.7256,0.4042,schedule,,,,,,1.6256
sim_A_017_train,A,train,28.8163,0.3679,0.3602,schedule,,,,,,1.2679
sim_A_018_train,A,train,43.9349,1.1518,0.5492,schedule,,,,,,2.0518
sim_A_019_train,A,train,31.3112,0.4867,0.3914,schedule,,,,,,1.3867
sim_A_020_train,A,train,34.2545,0.9299,0.4282,schedule,,,,,,1.8299
sim_A_021_val,A,val,31.1228,1.1425,0.389,schedule,,,,,,2.0425
sim_A_022_val,A,val,39.923,0.4015,0.499,schedule,,,,,,1.3015
sim_A_023_val,A,val,43.482,0.8086,0.5435,schedule,,,,,,1.7086
sim_A_024_val,A,val,19.1498,0.5534,0.2394,schedule,,,,,,1.4534
sim_A_025_val,A,val,15.395,1.0137,0.1924,schedule,,,,,,1.9137
sim_A_026_test,A,test,33.0603,0.5147,0.4133,schedule,,,,,,1.4147
sim_A_027_test,A,test,24.7968,0.3805,0.31,schedule,,,,,,1.2805
sim_A_028_test,A,test,41.3565,0.6762,0.517,schedule,,,,,,1.5762
sim_A_029_test,A,test,11.8582,0.8566,0.1482,schedule,,,,,,1.7566
sim_A_030_test,A,test,17.3342,1.1136,0.2167,schedule,,,,,,2.0136
sim_B_001_train,B,train,0,0,0,schedule,,,-13.4602,144.3958,,1.8
sim_B_002_train,B,train,0,0,0,schedule,,,-11.0961,122.2126,,1.8
sim_B_003_train,B,train,0,0,0,schedule,,,-9.429,112.9157,,1.8
sim_B_004_train,B,train,0,0,0,schedule,,,14.7023,185.5357,,1.8
sim_B_005_train,B,train,0,0,0,schedule,,,-12.4541,128.4793,,1.8
sim_B_006_train,B,train,0,0,0,schedule,,,3.7175,165.0224,,1.8
sim_B_007_train,B,train,0,0,0,schedule,,,-11.2576,34.5888,,1.8
sim_B_008_train,B,train,0,0,0,schedule,,,11.9815,66.3339,,1.8
sim_B_009_train,B,train,0,0,0,schedule,,,-4.1663,21.9192,,1.8
sim_B_010_train,B,train,0,0,0,schedule,,,4.4728,105.7291,,1.8
sim_B_011_train,B,train,0,0,0,schedule,,,6.5306,96.6202,,1.8
sim_B_012_train,B,train,0,0,0,schedule,,,12.9294,27.2727,,1.8
sim_B_013_train,B,train,0,0,0,schedule,,,-2.9343,170.4002,,1.8
sim_B_014_train,B,train,0,0,0,schedule,,,6.1522,42.7123,,1.8
sim_B_015_train,B,train,0,0,0,schedule,,,-8.2097,90.4795,,1.8
sim_B_016_train,B,train,0,0,0,schedule,,,11.8627,137.0582,,1.8
sim_B_017_train,B,train,0,0,0,schedule,,,-7.0942,116.443,,1.8
sim_B_018_train,B,train,0,0,0,schedule,,,4.6574,190.2141,,1.8
sim_B_019_train,B,train,0,0,0,schedule,,,-5.1634,148.1447,,1.8
sim_B_020_train,B,train,0,0,0,schedule,,,-8.775,154.5183,,1.8
sim_B_021_train,B,train,0,0,0,schedule,,,-14.0822,180.6449,,1.8
sim_B_022_train,B,train,0,0,0,schedule,,,2.0744,48.1249,,1.8
sim_B_023_train,B,train,0,0,0,schedule,,,14.2796,80.7358,,1.8
sim_B_024_train,B,train,0,0,0,schedule,,,2.8588,59.1676,,1.8
sim_B_025_train,B,train,0,0,0,schedule,,,10.4311,162.841,,1.8
sim_B_026_train,B,train,0,0,0,schedule,,,-7.6176,79.0266,,1.8
sim_B_027_train,B,train,0,0,0,schedule,,,5.7807,102.0568,,1.8
sim_B_028_train,B,train,0,0,0,schedule,,,10.0663,55.9726,,1.8
sim_B_029_train,B,train,0,0,0,schedule,,,-7.9858,70.0757,,1.8
sim_B_030_train,B,train,0,0,0,schedule,,,-9.0707,197.9048,,1.8
sim_B_031_val,B,val,0,0,0,schedule,,,5.1189,28.2701,,1.8
sim_B_032_val,B,val,0,0,0,schedule,,,-8.5434,177.4641,,1.8
sim_B_033_val,B,val,0,0,0,schedule,,,7.6452,119.6775,,1.8
sim_B_034_val,B,val,0,0,0,schedule,,,-13.699,58.9012,,1.8
sim_B_035_val,B,val,0,0,0,schedule,,,12.5711,85.992,,1.8
sim_B_036_val,B,val,0,0,0,schedule,,,-2.5173,142.6328,,1.8
sim_B_037_val,B,val,0,0,0,schedule,,,-11.478,90.6161,,1.8
sim_B_038_val,B,val,0,0,0,schedule,,,5.2831,187.701,,1.8
sim_B_039_test,B,test,0,0,0,schedule,,,5.2245,40.1361,,1.8
sim_B_040_test,B,test,0,0,0,schedule,,,9.0301,166.6636,,1.8
sim_B_041_test,B,test,0,0,0,schedule,,,-10.7049,125.0545,,1.8
sim_B_042_test,B,test,0,0,0,schedule,,,8.1254,91.9583,,1.8
sim_B_043_test,B,test,0,0,0,schedule,,,-5.9281,57.9452,,1.8
sim_B_044_test,B,test,0,0,0,schedule,,,12.6385,142.1683,,1.8
sim_B_045_test,B,test,0,0,0,schedule,,,-13.4525,82.4186,,1.8
sim_B_046_test,B,test,0,0,0,schedule,,,-3.1593,199.5376,,1.8
sim_Cc_001_train,Cc,train,10.0,0.3,0.125,mpc,,,,,0.001,1.5
sim_Cc_002_train,Cc,train,10.0,0.35,0.125,mpc,,,,,0.001,1.55
sim_Cc_003_val,Cc,val,10.0,0.4,0.125,mpc,,,,,0.0003,1.6
sim_Cc_004_test,Cc,test,10.0,0.45,0.125,mpc,,,,,0.0003,1.65
sim_Cc_005_train,Cc,train,10.0,0.5,0.125,mpc,,,,,0.0003,1.7
sim_Cc_006_test,Cc,test,10.0,0.55,0.125,mpc,,,,,0.0003,1.75
sim_Cc_007_train,Cc,train,10.0,0.6,0.125,mpc,,,,,0.0003,1.8
sim_Cc_008_train,Cc,train,10.0,0.65,0.125,mpc,,,,,0.0003,1.85
sim_Cc_009_train,Cc,train,10.0,0.7,0.125,mpc,,,,,0.0003,1.9
sim_Cc_010_train,Cc,train,10.0,0.75,0.125,mpc,,,,,0.0003,1.95
sim_Cc_011_train,Cc,train,10.0,0.8,0.125,mpc,,,,,0.0003,2.0
sim_Cc_012_train,Cc,train,10.0,0.85,0.125,mpc,,,,,0.0003,2.05
sim_Cc_013_train,Cc,train,10.0,0.9,0.125,mpc,,,,,0.0003,2.1
sim_Cc_014_train,Cc,train,10.0,0.95,0.125,mpc,,,,,0.0003,2.15
sim_Cc_015_train,Cc,train,10.0,1.0,0.125,mpc,,,,,0.0003,2.2
sim_Cc_016_val,Cc,val,10.0,1.05,0.125,mpc,,,,,0.0003,2.25
sim_Cc_017_train,Cc,train,10.0,1.1,0.125,mpc,,,,,0.001,2.3
sim_Cc_018_train,Cc,train,10.0,1.15,0.125,mpc,,,,,0.001,2.35
sim_Cc_019_train,Cc,train,10.0,1.2,0.125,mpc,,,,,0.001,2.4
sim_Cc_020_train,Cc,train,20.0,0.3,0.25,mpc,,,,,0.0003,1.5
sim_Cc_021_val,Cc,val,20.0,0.35,0.25,mpc,,,,,0.0003,1.55
sim_Cc_022_val,Cc,val,20.0,0.4,0.25,mpc,,,,,0.0001,1.6
sim_Cc_023_train,Cc,train,20.0,0.45,0.25,mpc,,,,,0.0003,1.65
sim_Cc_024_train,Cc,train,20.0,0.5,0.25,mpc,,,,,0.0003,1.7
sim_Cc_025_val,Cc,val,20.0,0.55,0.25,mpc,,,,,0.0003,1.75
sim_Cc_026_train,Cc,train,20.0,0.6,0.25,mpc,,,,,0.0003,1.8
sim_Cc_027_train,Cc,train,20.0,0.65,0.25,mpc,,,,,0.0001,1.85
sim_Cc_028_test,Cc,test,20.0,0.7,0.25,mpc,,,,,0.0001,1.9
sim_Cc_029_train,Cc,train,20.0,0.75,0.25,mpc,,,,,0.0003,1.95
sim_Cc_030_val,Cc,val,20.0,0.8,0.25,mpc,,,,,0.0003,2.0
sim_Cc_031_train,Cc,train,20.0,0.85,0.25,mpc,,,,,0.001,2.05
sim_Cc_032_test,Cc,test,20.0,0.9,0.25,mpc,,,,,0.001,2.1
sim_Cc_033_train,Cc,train,20.0,0.95,0.25,mpc,,,,,0.001,2.15
sim_Cc_034_train,Cc,train,20.0,1.0,0.25,mpc,,,,,0.003,2.2
sim_Cc_035_train,Cc,train,20.0,1.05,0.25,mpc,,,,,0.003,2.25
sim_Cc_036_train,Cc,train,20.0,1.1,0.25,mpc,,,,,0.01,2.3
sim_Cc_037_train,Cc,train,20.0,1.15,0.25,mpc,,,,,0.01,2.35
sim_Cc_038_test,Cc,test,20.0,1.2,0.25,mpc,,,,,0.01,2.4
sim_Cc_039_train,Cc,train,30.0,0.3,0.375,mpc,,,,,0.0001,1.5
sim_Cc_040_train,Cc,train,30.0,0.35,0.375,mpc,,,,,0.0003,1.55
sim_Cc_041_train,Cc,train,30.0,0.4,0.375,mpc,,,,,0.0003,1.6
sim_Cc_042_train,Cc,train,30.0,0.45,0.375,mpc,,,,,0.0003,1.65
sim_Cc_043_train,Cc,train,30.0,0.5,0.375,mpc,,,,,0.0003,1.7
sim_Cc_044_train,Cc,train,30.0,0.55,0.375,mpc,,,,,0.0003,1.75
sim_Cc_045_train,Cc,train,30.0,0.6,0.375,mpc,,,,,0.0003,1.8
sim_Cc_046_train,Cc,train,30.0,0.65,0.375,mpc,,,,,0.0001,1.85
sim_Cc_047_train,Cc,train,30.0,0.7,0.375,mpc,,,,,0.0001,1.9
sim_Cc_048_test,Cc,test,30.0,0.75,0.375,mpc,,,,,0.0003,1.95
sim_Cc_049_val,Cc,val,30.0,0.8,0.375,mpc,,,,,0.0003,2.0
sim_Cc_050_train,Cc,train,30.0,0.85,0.375,mpc,,,,,0.001,2.05
sim_Cc_051_train,Cc,train,30.0,0.9,0.375,mpc,,,,,0.001,2.1
sim_Cc_052_test,Cc,test,30.0,0.95,0.375,mpc,,,,,0.001,2.15
sim_Cc_053_train,Cc,train,30.0,1.0,0.375,mpc,,,,,0.003,2.2
sim_Cc_054_val,Cc,val,30.0,1.05,0.375,mpc,,,,,0.003,2.25
sim_Cc_055_train,Cc,train,30.0,1.1,0.375,mpc,,,,,0.01,2.3
sim_Cc_056_test,Cc,test,30.0,1.15,0.375,mpc,,,,,0.01,2.35
sim_Cc_057_train,Cc,train,30.0,1.2,0.375,mpc,,,,,0.01,2.4
sim_Cc_058_test,Cc,test,10.0,0.3,0.125,prop,,,,,,1.5
sim_Cc_059_train,Cc,train,10.0,0.5,0.125,prop,,,,,,1.7
sim_Cc_060_train,Cc,train,10.0,0.7,0.125,prop,,,,,,1.9
sim_Cc_061_train,Cc,train,10.0,1.0,0.125,prop,,,,,,2.2
sim_Cc_062_train,Cc,train,20.0,0.3,0.25,prop,,,,,,1.5
sim_Cc_063_train,Cc,train,20.0,0.4,0.25,prop,,,,,,1.6
sim_Cc_064_train,Cc,train,20.0,0.5,0.25,prop,,,,,,1.7
sim_Cc_065_train,Cc,train,20.0,1.0,0.25,prop,,,,,,2.2
sim_Cc_066_train,Cc,train,20.0,1.2,0.25,prop,,,,,,2.4
sim_Cc_067_test,Cc,test,30.0,0.4,0.375,prop,,,,,,1.6
sim_Cc_068_val,Cc,val,30.0,0.5,0.375,prop,,,,,,1.7
sim_Cc_069_train,Cc,train,30.0,0.7,0.375,prop,,,,,,1.9
sim_Cc_070_val,Cc,val,30.0,1.2,0.375,prop,,,,,,2.4
