sim,d_s,field,region,time_window,nrmse,n_nodes,n_times,rmse,denom,denom_type
sim_A_025,1,vx,all,all,1.524030e-01,11075,150,2.278124e+01,1.494803e+02,global_range_vx
sim_A_025,1,vx,all,excitation,1.531788e-01,11075,44,2.289721e+01,1.494803e+02,global_range_vx
sim_A_025,1,vx,all,peak,1.531952e-01,11075,28,2.289966e+01,1.494803e+02,global_range_vx
sim_A_025,1,vx,all,decay,1.521654e-01,11075,55,2.274573e+01,1.494803e+02,global_range_vx
sim_A_025,1,vx,all,quiescent,1.519874e-01,11075,51,2.271912e+01,1.494803e+02,global_range_vx
sim_A_025,1,vx,near,all,1.948109e-01,6283,150,2.912039e+01,1.494803e+02,global_range_vx
sim_A_025,1,vx,near,excitation,1.957445e-01,6283,44,2.925995e+01,1.494803e+02,global_range_vx
sim_A_025,1,vx,near,peak,1.957494e-01,6283,28,2.926068e+01,1.494803e+02,global_range_vx
sim_A_025,1,vx,near,decay,1.945271e-01,6283,55,2.907797e+01,1.494803e+02,global_range_vx
sim_A_025,1,vx,near,quiescent,1.943087e-01,6283,51,2.904533e+01,1.494803e+02,global_range_vx
sim_A_025,1,vx,wake,all,1.014304e-02,2234,150,1.516185e+00,1.494803e+02,global_range_vx
sim_A_025,1,vx,wake,excitation,1.063434e-02,2234,44,1.589625e+00,1.494803e+02,global_range_vx
sim_A_025,1,vx,wake,peak,1.052087e-02,2234,28,1.572663e+00,1.494803e+02,global_range_vx
sim_A_025,1,vx,wake,decay,1.000663e-02,2234,55,1.495793e+00,1.494803e+02,global_range_vx
sim_A_025,1,vx,wake,quiescent,9.850822e-03,2234,51,1.472504e+00,1.494803e+02,global_range_vx
sim_A_025,1,vx,far,all,8.517472e-02,2558,150,1.273194e+01,1.494803e+02,global_range_vx
sim_A_025,1,vx,far,excitation,8.588738e-02,2558,44,1.283847e+01,1.494803e+02,global_range_vx
sim_A_025,1,vx,far,peak,8.599841e-02,2558,28,1.285507e+01,1.494803e+02,global_range_vx
sim_A_025,1,vx,far,decay,8.494296e-02,2558,55,1.269730e+01,1.494803e+02,global_range_vx
sim_A_025,1,vx,far,quiescent,8.480610e-02,2558,51,1.267684e+01,1.494803e+02,global_range_vx
sim_A_025,1,vx,surface,all,4.255453e-02,387,150,6.361063e+00,1.494803e+02,global_range_vx
sim_A_025,1,vx,surface,excitation,4.552503e-02,387,44,6.805095e+00,1.494803e+02,global_range_vx
sim_A_025,1,vx,surface,peak,4.603327e-02,387,28,6.881067e+00,1.494803e+02,global_range_vx
sim_A_025,1,vx,surface,decay,4.157316e-02,387,55,6.214368e+00,1.494803e+02,global_range_vx
sim_A_025,1,vx,surface,quiescent,4.091691e-02,387,51,6.116272e+00,1.494803e+02,global_range_vx
sim_A_025,1,vy,all,all,3.185620e-02,11075,150,4.439667e+00,1.393659e+02,global_range_vy
sim_A_025,1,vy,all,excitation,3.363898e-02,11075,44,4.688126e+00,1.393659e+02,global_range_vy
sim_A_025,1,vy,all,peak,3.364911e-02,11075,28,4.689537e+00,1.393659e+02,global_range_vy
sim_A_025,1,vy,all,decay,3.131047e-02,11075,55,4.363611e+00,1.393659e+02,global_range_vy
sim_A_025,1,vy,all,quiescent,3.084243e-02,11075,51,4.298383e+00,1.393659e+02,global_range_vy
sim_A_025,1,vy,near,all,4.175576e-02,6283,150,5.819328e+00,1.393659e+02,global_range_vy
sim_A_025,1,vy,near,excitation,4.391134e-02,6283,44,6.119742e+00,1.393659e+02,global_range_vy
sim_A_025,1,vy,near,peak,4.393378e-02,6283,28,6.122870e+00,1.393659e+02,global_range_vy
sim_A_025,1,vy,near,decay,4.111164e-02,6283,55,5.729559e+00,1.393659e+02,global_range_vy
sim_A_025,1,vy,near,quiescent,4.051902e-02,6283,51,5.646969e+00,1.393659e+02,global_range_vy
sim_A_025,1,vy,wake,all,5.505247e-03,2234,150,7.672435e-01,1.393659e+02,global_range_vy
sim_A_025,1,vy,wake,excitation,6.868966e-03,2234,44,9.572994e-01,1.393659e+02,global_range_vy
sim_A_025,1,vy,wake,peak,6.486472e-03,2234,28,9.039928e-01,1.393659e+02,global_range_vy
sim_A_025,1,vy,wake,decay,5.029854e-03,2234,55,7.009900e-01,1.393659e+02,global_range_vy
sim_A_025,1,vy,wake,quiescent,4.598921e-03,2234,51,6.409327e-01,1.393659e+02,global_range_vy
sim_A_025,1,vy,far,all,9.204285e-03,2558,150,1.282763e+00,1.393659e+02,global_range_vy
sim_A_025,1,vy,far,excitation,1.104299e-02,2558,44,1.539016e+00,1.393659e+02,global_range_vy
sim_A_025,1,vy,far,peak,1.115864e-02,2558,28,1.555134e+00,1.393659e+02,global_range_vy
sim_A_025,1,vy,far,decay,8.423151e-03,2558,55,1.173900e+00,1.393659e+02,global_range_vy
sim_A_025,1,vy,far,quiescent,8.212751e-03,2558,51,1.144577e+00,1.393659e+02,global_range_vy
sim_A_025,1,vy,surface,all,2.691961e-02,387,150,3.751674e+00,1.393659e+02,global_range_vy
sim_A_025,1,vy,surface,excitation,2.749002e-02,387,44,3.831171e+00,1.393659e+02,global_range_vy
sim_A_025,1,vy,surface,peak,2.746895e-02,387,28,3.828235e+00,1.393659e+02,global_range_vy
sim_A_025,1,vy,surface,decay,2.669499e-02,387,55,3.720370e+00,1.393659e+02,global_range_vy
sim_A_025,1,vy,surface,quiescent,2.666226e-02,387,51,3.715810e+00,1.393659e+02,global_range_vy
sim_A_025,1,p,all,all,4.146023e-02,11075,150,4.397170e+02,1.060575e+04,global_range_p
sim_A_025,1,p,all,excitation,4.497995e-02,11075,44,4.770462e+02,1.060575e+04,global_range_p
sim_A_025,1,p,all,peak,4.516323e-02,11075,28,4.789902e+02,1.060575e+04,global_range_p
sim_A_025,1,p,all,decay,4.035103e-02,11075,55,4.279531e+02,1.060575e+04,global_range_p
sim_A_025,1,p,all,quiescent,3.942496e-02,11075,51,4.181315e+02,1.060575e+04,global_range_p
sim_A_025,1,p,near,all,5.466293e-02,6283,150,5.797416e+02,1.060575e+04,global_range_p
sim_A_025,1,p,near,excitation,5.925773e-02,6283,44,6.284729e+02,1.060575e+04,global_range_p
sim_A_025,1,p,near,peak,5.945916e-02,6283,28,6.306093e+02,1.060575e+04,global_range_p
sim_A_025,1,p,near,decay,5.319183e-02,6283,55,5.641395e+02,1.060575e+04,global_range_p
sim_A_025,1,p,near,quiescent,5.203410e-02,6283,51,5.518609e+02,1.060575e+04,global_range_p
sim_A_025,1,p,wake,all,4.904759e-03,2234,150,5.201866e+01,1.060575e+04,global_range_p
sim_A_025,1,p,wake,excitation,5.866242e-03,2234,44,6.221593e+01,1.060575e+04,global_range_p
sim_A_025,1,p,wake,peak,6.358527e-03,2234,28,6.743697e+01,1.060575e+04,global_range_p
sim_A_025,1,p,wake,decay,5.045397e-03,2234,55,5.351024e+01,1.060575e+04,global_range_p
sim_A_025,1,p,wake,quiescent,3.689556e-03,2234,51,3.913052e+01,1.060575e+04,global_range_p
sim_A_025,1,p,far,all,9.056496e-03,2558,150,9.605097e+01,1.060575e+04,global_range_p
sim_A_025,1,p,far,excitation,1.022403e-02,2558,44,1.084336e+02,1.060575e+04,global_range_p
sim_A_025,1,p,far,peak,1.058643e-02,2558,28,1.122771e+02,1.060575e+04,global_range_p
sim_A_025,1,p,far,decay,8.810675e-03,2558,55,9.344386e+01,1.060575e+04,global_range_p
sim_A_025,1,p,far,quiescent,8.205831e-03,2558,51,8.702903e+01,1.060575e+04,global_range_p
sim_A_025,1,p,surface,all,3.088991e-02,387,150,3.276108e+02,1.060575e+04,global_range_p
sim_A_025,1,p,surface,excitation,3.494370e-02,387,44,3.706043e+02,1.060575e+04,global_range_p
sim_A_025,1,p,surface,peak,3.467433e-02,387,28,3.677475e+02,1.060575e+04,global_range_p
sim_A_025,1,p,surface,decay,2.923496e-02,387,55,3.100588e+02,1.060575e+04,global_range_p
sim_A_025,1,p,surface,quiescent,2.883140e-02,387,51,3.057787e+02,1.060575e+04,global_range_p
sim_A_025,1,combined,all,all,2.397040e-02,11075,150,2.542242e+02,1.060575e+04,global_range_all_fields
sim_A_025,1,combined,all,excitation,2.600033e-02,11075,44,2.757531e+02,1.060575e+04,global_range_all_fields
sim_A_025,1,combined,all,peak,2.610604e-02,11075,28,2.768742e+02,1.060575e+04,global_range_all_fields
sim_A_025,1,combined,all,decay,2.333077e-02,11075,55,2.474404e+02,1.060575e+04,global_range_all_fields
sim_A_025,1,combined,all,quiescent,2.279679e-02,11075,51,2.417771e+02,1.060575e+04,global_range_all_fields
sim_A_025,1,combined,near,all,3.160103e-02,6283,150,3.351528e+02,1.060575e+04,global_range_all_fields
sim_A_025,1,combined,near,excitation,3.425115e-02,6283,44,3.632592e+02,1.060575e+04,global_range_all_fields
sim_A_025,1,combined,near,peak,3.436732e-02,6283,28,3.644913e+02,1.060575e+04,global_range_all_fields
sim_A_025,1,combined,near,decay,3.075267e-02,6283,55,3.261552e+02,1.060575e+04,global_range_all_fields
sim_A_025,1,combined,near,quiescent,3.008506e-02,6283,51,3.190747e+02,1.060575e+04,global_range_all_fields
sim_A_025,1,combined,wake,all,2.833274e-03,2234,150,3.004901e+01,1.060575e+04,global_range_all_fields
sim_A_025,1,combined,wake,excitation,3.388383e-03,2234,44,3.593635e+01,1.060575e+04,global_range_all_fields
sim_A_025,1,combined,wake,peak,3.672425e-03,2234,28,3.894884e+01,1.060575e+04,global_range_all_fields
sim_A_025,1,combined,wake,decay,2.914349e-03,2234,55,3.090887e+01,1.060575e+04,global_range_all_fields
sim_A_025,1,combined,wake,quiescent,2.131959e-03,2234,51,2.261103e+01,1.060575e+04,global_range_all_fields
sim_A_025,1,combined,far,all,5.274969e-03,2558,150,5.594502e+01,1.060575e+04,global_range_all_fields
sim_A_025,1,combined,far,excitation,5.944669e-03,2558,44,6.304770e+01,1.060575e+04,global_range_all_fields
sim_A_025,1,combined,far,peak,6.152594e-03,2558,28,6.525290e+01,1.060575e+04,global_range_all_fields
sim_A_025,1,combined,far,decay,5.133990e-03,2558,55,5.444984e+01,1.060575e+04,global_range_all_fields
sim_A_025,1,combined,far,quiescent,4.788041e-03,2558,51,5.078078e+01,1.060575e+04,global_range_all_fields
sim_A_025,1,combined,surface,all,1.783883e-02,387,150,1.891943e+02,1.060575e+04,global_range_all_fields
sim_A_025,1,combined,surface,excitation,2.017923e-02,387,44,2.140160e+02,1.060575e+04,global_range_all_fields
sim_A_025,1,combined,surface,peak,2.002382e-02,387,28,2.123678e+02,1.060575e+04,global_range_all_fields
sim_A_025,1,combined,surface,decay,1.688342e-02,387,55,1.790614e+02,1.060575e+04,global_range_all_fields
sim_A_025,1,combined,surface,quiescent,1.665037e-02,387,51,1.765898e+02,1.060575e+04,global_range_all_fields
sim_A_025,1,p_surface,surface,all,3.088991e-02,387,150,3.276108e+02,1.060575e+04,surface_p_range
sim_A_025,1,p_surface,surface,excitation,3.494370e-02,387,44,3.706043e+02,1.060575e+04,surface_p_range
sim_A_025,1,p_surface,surface,peak,3.467433e-02,387,28,3.677475e+02,1.060575e+04,surface_p_range
sim_A_025,1,p_surface,surface,decay,2.923496e-02,387,55,3.100588e+02,1.060575e+04,surface_p_range
sim_A_025,1,p_surface,surface,quiescent,2.883140e-02,387,51,3.057787e+02,1.060575e+04,surface_p_range
sim_A_025,1,vorticity,all,all,6.877717e-01,17989,150,1.224788e+04,1.780807e+04,fom_vorticity_rms
sim_A_025,1,vorticity,all,excitation,6.966631e-01,17989,44,1.325831e+04,1.903117e+04,fom_vorticity_rms
sim_A_025,1,vorticity,all,peak,6.989706e-01,17989,28,1.331616e+04,1.905111e+04,fom_vorticity_rms
sim_A_025,1,vorticity,all,decay,6.806194e-01,17989,55,1.189195e+04,1.747224e+04,fom_vorticity_rms
sim_A_025,1,vorticity,all,quiescent,6.862103e-01,17989,51,1.170649e+04,1.705963e+04,fom_vorticity_rms
sim_A_025,1,vorticity,near,all,6.876727e-01,8931,150,1.737966e+04,2.527316e+04,fom_vorticity_rms
sim_A_025,1,vorticity,near,excitation,6.965680e-01,8931,44,1.881356e+04,2.700893e+04,fom_vorticity_rms
sim_A_025,1,vorticity,near,peak,6.988706e-01,8931,28,1.889549e+04,2.703719e+04,fom_vorticity_rms
sim_A_025,1,vorticity,near,decay,6.805204e-01,8931,55,1.687458e+04,2.479658e+04,fom_vorticity_rms
sim_A_025,1,vorticity,near,quiescent,6.861073e-01,8931,51,1.661134e+04,2.421099e+04,fom_vorticity_rms
sim_A_025,1,vorticity,wake,all,2.727588e+00,4541,150,4.742928e+01,1.738872e+01,fom_vorticity_rms
sim_A_025,1,vorticity,wake,excitation,2.736080e+00,4541,44,4.869655e+01,1.779792e+01,fom_vorticity_rms
sim_A_025,1,vorticity,wake,peak,2.715235e+00,4541,28,4.830981e+01,1.779213e+01,fom_vorticity_rms
sim_A_025,1,vorticity,wake,decay,2.725347e+00,4541,55,4.706024e+01,1.726761e+01,fom_vorticity_rms
sim_A_025,1,vorticity,wake,quiescent,2.722136e+00,4541,51,4.671235e+01,1.716018e+01,fom_vorticity_rms
sim_A_025,1,vorticity,far,all,1.789900e+00,4517,150,4.463916e+02,2.493947e+02,fom_vorticity_rms
sim_A_025,1,vorticity,far,excitation,1.719813e+00,4517,44,4.754801e+02,2.764721e+02,fom_vorticity_rms
sim_A_025,1,vorticity,far,peak,1.720993e+00,4517,28,4.893958e+02,2.843684e+02,fom_vorticity_rms
sim_A_025,1,vorticity,far,decay,1.812306e+00,4517,55,4.340709e+02,2.395130e+02,fom_vorticity_rms
sim_A_025,1,vorticity,far,quiescent,1.845924e+00,4517,51,4.333922e+02,2.347834e+02,fom_vorticity_rms
sim_A_025,5,vx,all,all,1.647151e-01,11075,150,2.462167e+01,1.494803e+02,global_range_vx
sim_A_025,5,vx,all,excitation,1.655817e-01,11075,44,2.475121e+01,1.494803e+02,global_range_vx
sim_A_025,5,vx,all,peak,1.655547e-01,11075,28,2.474717e+01,1.494803e+02,global_range_vx
sim_A_025,5,vx,all,decay,1.644763e-01,11075,55,2.458597e+01,1.494803e+02,global_range_vx
sim_A_025,5,vx,all,quiescent,1.642221e-01,11075,51,2.454797e+01,1.494803e+02,global_range_vx
sim_A_025,5,vx,near,all,2.052813e-01,6283,150,3.068551e+01,1.494803e+02,global_range_vx
sim_A_025,5,vx,near,excitation,2.063227e-01,6283,44,3.084117e+01,1.494803e+02,global_range_vx
sim_A_025,5,vx,near,peak,2.062709e-01,6283,28,3.083343e+01,1.494803e+02,global_range_vx
sim_A_025,5,vx,near,decay,2.049975e-01,6283,55,3.064309e+01,1.494803e+02,global_range_vx
sim_A_025,5,vx,near,quiescent,2.046855e-01,6283,51,3.059646e+01,1.494803e+02,global_range_vx
sim_A_025,5,vx,wake,all,1.774071e-02,2234,150,2.651886e+00,1.494803e+02,global_range_vx
sim_A_025,5,vx,wake,excitation,1.843603e-02,2234,44,2.755823e+00,1.494803e+02,global_range_vx
sim_A_025,5,vx,wake,peak,1.839203e-02,2234,28,2.749247e+00,1.494803e+02,global_range_vx
sim_A_025,5,vx,wake,decay,1.763568e-02,2234,55,2.636186e+00,1.494803e+02,global_range_vx
sim_A_025,5,vx,wake,quiescent,1.723478e-02,2234,51,2.576260e+00,1.494803e+02,global_range_vx
sim_A_025,5,vx,far,all,1.169813e-01,2558,150,1.748640e+01,1.494803e+02,global_range_vx
sim_A_025,5,vx,far,excitation,1.176824e-01,2558,44,1.759120e+01,1.494803e+02,global_range_vx
sim_A_025,5,vx,far,peak,1.177470e-01,2558,28,1.760085e+01,1.494803e+02,global_range_vx
sim_A_025,5,vx,far,decay,1.167624e-01,2558,55,1.745368e+01,1.494803e+02,global_range_vx
sim_A_025,5,vx,far,quiescent,1.166100e-01,2558,51,1.743090e+01,1.494803e+02,global_range_vx
sim_A_025,5,vx,surface,all,5.852641e-02,387,150,8.748544e+00,1.494803e+02,global_range_vx
sim_A_025,5,vx,surface,excitation,6.175581e-02,387,44,9.231277e+00,1.494803e+02,global_range_vx
sim_A_025,5,vx,surface,peak,6.138276e-02,387,28,9.175513e+00,1.494803e+02,global_range_vx
sim_A_025,5,vx,surface,decay,5.785461e-02,387,55,8.648123e+00,1.494803e+02,global_range_vx
sim_A_025,5,vx,surface,quiescent,5.634298e-02,387,51,8.422166e+00,1.494803e+02,global_range_vx
sim_A_025,5,vy,all,all,3.963040e-02,11075,150,5.523125e+00,1.393659e+02,global_range_vy
sim_A_025,5,vy,all,excitation,4.263704e-02,11075,44,5.942149e+00,1.393659e+02,global_range_vy
sim_A_025,5,vy,all,peak,4.256835e-02,11075,28,5.932575e+00,1.393659e+02,global_range_vy
sim_A_025,5,vy,all,decay,3.869973e-02,11075,55,5.393422e+00,1.393659e+02,global_range_vy
sim_A_025,5,vy,all,quiescent,3.789178e-02,11075,51,5.280820e+00,1.393659e+02,global_range_vy
sim_A_025,5,vy,near,all,4.952202e-02,6283,150,6.901680e+00,1.393659e+02,global_range_vy
sim_A_025,5,vy,near,excitation,5.275244e-02,6283,44,7.351890e+00,1.393659e+02,global_range_vy
sim_A_025,5,vy,near,peak,5.265525e-02,6283,28,7.338345e+00,1.393659e+02,global_range_vy
sim_A_025,5,vy,near,decay,4.852459e-02,6283,55,6.762672e+00,1.393659e+02,global_range_vy
sim_A_025,5,vy,near,quiescent,4.767447e-02,6283,51,6.644194e+00,1.393659e+02,global_range_vy
sim_A_025,5,vy,wake,all,1.524664e-02,2234,150,2.124861e+00,1.393659e+02,global_range_vy
sim_A_025,5,vy,wake,excitation,1.604110e-02,2234,44,2.235581e+00,1.393659e+02,global_range_vy
sim_A_025,5,vy,wake,peak,1.543510e-02,2234,28,2.151126e+00,1.393659e+02,global_range_vy
sim_A_025,5,vy,wake,decay,1.497579e-02,2234,55,2.087114e+00,1.393659e+02,global_range_vy
sim_A_025,5,vy,wake,quiescent,1.482709e-02,2234,51,2.066390e+00,1.393659e+02,global_range_vy
sim_A_025,5,vy,far,all,2.394048e-02,2558,150,3.336486e+00,1.393659e+02,global_range_vy
sim_A_025,5,vy,far,excitation,2.847529e-02,2558,44,3.968484e+00,1.393659e+02,global_range_vy
sim_A_025,5,vy,far,peak,2.876319e-02,2558,28,4.008607e+00,1.393659e+02,global_range_vy
sim_A_025,5,vy,far,decay,2.246951e-02,2558,55,3.131483e+00,1.393659e+02,global_range_vy
sim_A_025,5,vy,far,quiescent,2.101660e-02,2558,51,2.928997e+00,1.393659e+02,global_range_vy
sim_A_025,5,vy,surface,all,4.536843e-02,387,150,6.322811e+00,1.393659e+02,global_range_vy
sim_A_025,5,vy,surface,excitation,4.857481e-02,387,44,6.769671e+00,1.393659e+02,global_range_vy
sim_A_025,5,vy,surface,peak,4.832793e-02,387,28,6.735264e+00,1.393659e+02,global_range_vy
sim_A_025,5,vy,surface,decay,4.431782e-02,387,55,6.176391e+00,1.393659e+02,global_range_vy
sim_A_025,5,vy,surface,quiescent,4.358942e-02,387,51,6.074877e+00,1.393659e+02,global_range_vy
sim_A_025,5,p,all,all,4.654750e-02,11075,150,4.936713e+02,1.060575e+04,global_range_p
sim_A_025,5,p,all,excitation,5.196131e-02,11075,44,5.510889e+02,1.060575e+04,global_range_p
sim_A_025,5,p,all,peak,5.195581e-02,11075,28,5.510306e+02,1.060575e+04,global_range_p
sim_A_025,5,p,all,decay,4.471093e-02,11075,55,4.741932e+02,1.060575e+04,global_range_p
sim_A_025,5,p,all,quiescent,4.344316e-02,11075,51,4.607474e+02,1.060575e+04,global_range_p
sim_A_025,5,p,near,all,5.991796e-02,6283,150,6.354752e+02,1.060575e+04,global_range_p
sim_A_025,5,p,near,excitation,6.712229e-02,6283,44,7.118826e+02,1.060575e+04,global_range_p
sim_A_025,5,p,near,peak,6.711355e-02,6283,28,7.117898e+02,1.060575e+04,global_range_p
sim_A_025,5,p,near,decay,5.741424e-02,6283,55,6.089213e+02,1.060575e+04,global_range_p
sim_A_025,5,p,near,quiescent,5.583325e-02,6283,51,5.921537e+02,1.060575e+04,global_range_p
sim_A_025,5,p,wake,all,1.122325e-02,2234,150,1.190310e+02,1.060575e+04,global_range_p
sim_A_025,5,p,wake,excitation,1.141673e-02,2234,44,1.210830e+02,1.060575e+04,global_range_p
sim_A_025,5,p,wake,peak,1.130945e-02,2234,28,1.199452e+02,1.060575e+04,global_range_p
sim_A_025,5,p,wake,decay,1.151228e-02,2234,55,1.220964e+02,1.060575e+04,global_range_p
sim_A_025,5,p,wake,quiescent,1.072825e-02,2234,51,1.137812e+02,1.060575e+04,global_range_p
sim_A_025,5,p,far,all,2.127190e-02,2558,150,2.256046e+02,1.060575e+04,global_range_p
sim_A_025,5,p,far,excitation,2.257496e-02,2558,44,2.394244e+02,1.060575e+04,global_range_p
sim_A_025,5,p,far,peak,2.263107e-02,2558,28,2.400195e+02,1.060575e+04,global_range_p
sim_A_025,5,p,far,decay,2.103971e-02,2558,55,2.231420e+02,1.060575e+04,global_range_p
sim_A_025,5,p,far,quiescent,2.034197e-02,2558,51,2.157420e+02,1.060575e+04,global_range_p
sim_A_025,5,p,surface,all,4.264140e-02,387,150,4.522442e+02,1.060575e+04,global_range_p
sim_A_025,5,p,surface,excitation,5.782098e-02,387,44,6.132350e+02,1.060575e+04,global_range_p
sim_A_025,5,p,surface,peak,5.705565e-02,387,28,6.051182e+02,1.060575e+04,global_range_p
sim_A_025,5,p,surface,decay,3.608690e-02,387,55,3.827287e+02,1.060575e+04,global_range_p
sim_A_025,5,p,surface,quiescent,3.254413e-02,387,51,3.451550e+02,1.060575e+04,global_range_p
sim_A_025,5,combined,all,all,2.690929e-02,11075,150,2.853934e+02,1.060575e+04,global_range_all_fields
sim_A_025,5,combined,all,excitation,3.003186e-02,11075,44,3.185106e+02,1.060575e+04,global_range_all_fields
sim_A_025,5,combined,all,peak,3.002867e-02,11075,28,3.184767e+02,1.060575e+04,global_range_all_fields
sim_A_025,5,combined,all,decay,2.585021e-02,11075,55,2.741610e+02,1.060575e+04,global_range_all_fields
sim_A_025,5,combined,all,quiescent,2.511914e-02,11075,51,2.664074e+02,1.060575e+04,global_range_all_fields
sim_A_025,5,combined,near,all,3.463600e-02,6283,150,3.673409e+02,1.060575e+04,global_range_all_fields
sim_A_025,5,combined,near,excitation,3.879149e-02,6283,44,4.114130e+02,1.060575e+04,global_range_all_fields
sim_A_025,5,combined,near,peak,3.878642e-02,6283,28,4.113592e+02,1.060575e+04,global_range_all_fields
sim_A_025,5,combined,near,decay,3.319211e-02,6283,55,3.520274e+02,1.060575e+04,global_range_all_fields
sim_A_025,5,combined,near,quiescent,3.228037e-02,6283,51,3.423577e+02,1.060575e+04,global_range_all_fields
sim_A_025,5,combined,wake,all,6.482384e-03,2234,150,6.875057e+01,1.060575e+04,global_range_all_fields
sim_A_025,5,combined,wake,excitation,6.594282e-03,2234,44,6.993733e+01,1.060575e+04,global_range_all_fields
sim_A_025,5,combined,wake,peak,6.532278e-03,2234,28,6.927974e+01,1.060575e+04,global_range_all_fields
sim_A_025,5,combined,wake,decay,6.649137e-03,2234,55,7.051911e+01,1.060575e+04,global_range_all_fields
sim_A_025,5,combined,wake,quiescent,6.196567e-03,2234,51,6.571926e+01,1.060575e+04,global_range_all_fields
sim_A_025,5,combined,far,all,1.231951e-02,2558,150,1.306577e+02,1.060575e+04,global_range_all_fields
sim_A_025,5,combined,far,excitation,1.307057e-02,2558,44,1.386233e+02,1.060575e+04,global_range_all_fields
sim_A_025,5,combined,far,peak,1.310295e-02,2558,28,1.389667e+02,1.060575e+04,global_range_all_fields
sim_A_025,5,combined,far,decay,1.218558e-02,2558,55,1.292372e+02,1.060575e+04,global_range_all_fields
sim_A_025,5,combined,far,quiescent,1.178379e-02,2558,51,1.249760e+02,1.060575e+04,global_range_all_fields
sim_A_025,5,combined,surface,all,2.462603e-02,387,150,2.611777e+02,1.060575e+04,global_range_all_fields
sim_A_025,5,combined,surface,excitation,3.338877e-02,387,44,3.541131e+02,1.060575e+04,global_range_all_fields
sim_A_025,5,combined,surface,peak,3.294692e-02,387,28,3.494269e+02,1.060575e+04,global_range_all_fields
sim_A_025,5,combined,surface,decay,2.084281e-02,387,55,2.210537e+02,1.060575e+04,global_range_all_fields
sim_A_025,5,combined,surface,quiescent,1.879786e-02,387,51,1.993655e+02,1.060575e+04,global_range_all_fields
sim_A_025,5,p_surface,surface,all,4.264140e-02,387,150,4.522442e+02,1.060575e+04,surface_p_range
sim_A_025,5,p_surface,surface,excitation,5.782098e-02,387,44,6.132350e+02,1.060575e+04,surface_p_range
sim_A_025,5,p_surface,surface,peak,5.705565e-02,387,28,6.051182e+02,1.060575e+04,surface_p_range
sim_A_025,5,p_surface,surface,decay,3.608690e-02,387,55,3.827287e+02,1.060575e+04,surface_p_range
sim_A_025,5,p_surface,surface,quiescent,3.254413e-02,387,51,3.451550e+02,1.060575e+04,surface_p_range
sim_A_025,5,vorticity,all,all,8.607382e-01,17989,150,1.532808e+04,1.780807e+04,fom_vorticity_rms
sim_A_025,5,vorticity,all,excitation,8.564065e-01,17989,44,1.629842e+04,1.903117e+04,fom_vorticity_rms
sim_A_025,5,vorticity,all,peak,8.563317e-01,17989,28,1.631407e+04,1.905111e+04,fom_vorticity_rms
sim_A_025,5,vorticity,all,decay,8.566018e-01,17989,55,1.496675e+04,1.747224e+04,fom_vorticity_rms
sim_A_025,5,vorticity,all,quiescent,8.699954e-01,17989,51,1.484180e+04,1.705963e+04,fom_vorticity_rms
sim_A_025,5,vorticity,near,all,8.607265e-01,8931,150,2.175328e+04,2.527316e+04,fom_vorticity_rms
sim_A_025,5,vorticity,near,excitation,8.563946e-01,8931,44,2.313030e+04,2.700893e+04,fom_vorticity_rms
sim_A_025,5,vorticity,near,peak,8.563193e-01,8931,28,2.315246e+04,2.703719e+04,fom_vorticity_rms
sim_A_025,5,vorticity,near,decay,8.565900e-01,8931,55,2.124050e+04,2.479658e+04,fom_vorticity_rms
sim_A_025,5,vorticity,near,quiescent,8.699842e-01,8931,51,2.106318e+04,2.421099e+04,fom_vorticity_rms
sim_A_025,5,vorticity,wake,all,3.647865e+00,4541,150,6.343171e+01,1.738872e+01,fom_vorticity_rms
sim_A_025,5,vorticity,wake,excitation,3.575203e+00,4541,44,6.363118e+01,1.779792e+01,fom_vorticity_rms
sim_A_025,5,vorticity,wake,peak,3.574401e+00,4541,28,6.359621e+01,1.779213e+01,fom_vorticity_rms
sim_A_025,5,vorticity,wake,decay,3.672806e+00,4541,55,6.342059e+01,1.726761e+01,fom_vorticity_rms
sim_A_025,5,vorticity,wake,quiescent,3.687089e+00,4541,51,6.327112e+01,1.716018e+01,fom_vorticity_rms
sim_A_025,5,vorticity,far,all,1.042549e+00,4517,150,2.600063e+02,2.493947e+02,fom_vorticity_rms
sim_A_025,5,vorticity,far,excitation,1.034217e+00,4517,44,2.859322e+02,2.764721e+02,fom_vorticity_rms
sim_A_025,5,vorticity,far,peak,1.032360e+00,4517,28,2.935705e+02,2.843684e+02,fom_vorticity_rms
sim_A_025,5,vorticity,far,decay,1.046362e+00,4517,55,2.506173e+02,2.395130e+02,fom_vorticity_rms
sim_A_025,5,vorticity,far,quiescent,1.048175e+00,4517,51,2.460941e+02,2.347834e+02,fom_vorticity_rms
sim_A_025,10,vx,all,all,1.663984e-01,11075,150,2.487329e+01,1.494803e+02,global_range_vx
sim_A_025,10,vx,all,excitation,1.672881e-01,11075,44,2.500627e+01,1.494803e+02,global_range_vx
sim_A_025,10,vx,all,peak,1.672540e-01,11075,28,2.500118e+01,1.494803e+02,global_range_vx
sim_A_025,10,vx,all,decay,1.661356e-01,11075,55,2.483400e+01,1.494803e+02,global_range_vx
sim_A_025,10,vx,all,quiescent,1.659114e-01,11075,51,2.480049e+01,1.494803e+02,global_range_vx
sim_A_025,10,vx,near,all,2.076283e-01,6283,150,3.103635e+01,1.494803e+02,global_range_vx
sim_A_025,10,vx,near,excitation,2.087313e-01,6283,44,3.120122e+01,1.494803e+02,global_range_vx
sim_A_025,10,vx,near,peak,2.086738e-01,6283,28,3.119262e+01,1.494803e+02,global_range_vx
sim_A_025,10,vx,near,decay,2.073024e-01,6283,55,3.098763e+01,1.494803e+02,global_range_vx
sim_A_025,10,vx,near,quiescent,2.070245e-01,6283,51,3.094609e+01,1.494803e+02,global_range_vx
sim_A_025,10,vx,wake,all,1.726003e-02,2234,150,2.580034e+00,1.494803e+02,global_range_vx
sim_A_025,10,vx,wake,excitation,1.811270e-02,2234,44,2.707491e+00,1.494803e+02,global_range_vx
sim_A_025,10,vx,wake,peak,1.800543e-02,2234,28,2.691457e+00,1.494803e+02,global_range_vx
sim_A_025,10,vx,wake,decay,1.721554e-02,2234,55,2.573385e+00,1.494803e+02,global_range_vx
sim_A_025,10,vx,wake,quiescent,1.653908e-02,2234,51,2.472266e+00,1.494803e+02,global_range_vx
sim_A_025,10,vx,far,all,1.171842e-01,2558,150,1.751673e+01,1.494803e+02,global_range_vx
sim_A_025,10,vx,far,excitation,1.177414e-01,2558,44,1.760002e+01,1.494803e+02,global_range_vx
sim_A_025,10,vx,far,peak,1.177969e-01,2558,28,1.760831e+01,1.494803e+02,global_range_vx
sim_A_025,10,vx,far,decay,1.169923e-01,2558,55,1.748804e+01,1.494803e+02,global_range_vx
sim_A_025,10,vx,far,quiescent,1.169089e-01,2558,51,1.747557e+01,1.494803e+02,global_range_vx
sim_A_025,10,vx,surface,all,6.055315e-02,387,150,9.051503e+00,1.494803e+02,global_range_vx
sim_A_025,10,vx,surface,excitation,6.439470e-02,387,44,9.625738e+00,1.494803e+02,global_range_vx
sim_A_025,10,vx,surface,peak,6.396026e-02,387,28,9.560798e+00,1.494803e+02,global_range_vx
sim_A_025,10,vx,surface,decay,5.931896e-02,387,55,8.867015e+00,1.494803e+02,global_range_vx
sim_A_025,10,vx,surface,quiescent,5.841338e-02,387,51,8.731649e+00,1.494803e+02,global_range_vx
sim_A_025,10,vy,all,all,4.303238e-02,11075,150,5.997246e+00,1.393659e+02,global_range_vy
sim_A_025,10,vy,all,excitation,4.545654e-02,11075,44,6.335090e+00,1.393659e+02,global_range_vy
sim_A_025,10,vy,all,peak,4.529818e-02,11075,28,6.313021e+00,1.393659e+02,global_range_vy
sim_A_025,10,vy,all,decay,4.227457e-02,11075,55,5.891632e+00,1.393659e+02,global_range_vy
sim_A_025,10,vy,all,quiescent,4.167055e-02,11075,51,5.807452e+00,1.393659e+02,global_range_vy
sim_A_025,10,vy,near,all,5.611156e-02,6283,150,7.820037e+00,1.393659e+02,global_range_vy
sim_A_025,10,vy,near,excitation,5.888780e-02,6283,44,8.206950e+00,1.393659e+02,global_range_vy
sim_A_025,10,vy,near,peak,5.881495e-02,6283,28,8.196797e+00,1.393659e+02,global_range_vy
sim_A_025,10,vy,near,decay,5.527249e-02,6283,55,7.703099e+00,1.393659e+02,global_range_vy
sim_A_025,10,vy,near,quiescent,5.453303e-02,6283,51,7.600043e+00,1.393659e+02,global_range_vy
sim_A_025,10,vy,wake,all,1.139128e-02,2234,150,1.587555e+00,1.393659e+02,global_range_vy
sim_A_025,10,vy,wake,excitation,1.300295e-02,2234,44,1.812168e+00,1.393659e+02,global_range_vy
sim_A_025,10,vy,wake,peak,1.207580e-02,2234,28,1.682954e+00,1.393659e+02,global_range_vy
sim_A_025,10,vy,wake,decay,1.085388e-02,2234,55,1.512660e+00,1.393659e+02,global_range_vy
sim_A_025,10,vy,wake,quiescent,1.042756e-02,2234,51,1.453245e+00,1.393659e+02,global_range_vy
sim_A_025,10,vy,far,all,1.306405e-02,2558,150,1.820682e+00,1.393659e+02,global_range_vy
sim_A_025,10,vy,far,excitation,1.675961e-02,2558,44,2.335718e+00,1.393659e+02,global_range_vy
sim_A_025,10,vy,far,peak,1.612546e-02,2558,28,2.247339e+00,1.393659e+02,global_range_vy
sim_A_025,10,vy,far,decay,1.143560e-02,2558,55,1.593732e+00,1.393659e+02,global_range_vy
sim_A_025,10,vy,far,quiescent,1.089069e-02,2558,51,1.517791e+00,1.393659e+02,global_range_vy
sim_A_025,10,vy,surface,all,7.638227e-02,387,150,1.064508e+01,1.393659e+02,global_range_vy
sim_A_025,10,vy,surface,excitation,7.854156e-02,387,44,1.094601e+01,1.393659e+02,global_range_vy
sim_A_025,10,vy,surface,peak,7.840961e-02,387,28,1.092762e+01,1.393659e+02,global_range_vy
sim_A_025,10,vy,surface,decay,7.572879e-02,387,55,1.055401e+01,1.393659e+02,global_range_vy
sim_A_025,10,vy,surface,quiescent,7.518537e-02,387,51,1.047827e+01,1.393659e+02,global_range_vy
sim_A_025,10,p,all,all,4.566908e-02,11075,150,4.843550e+02,1.060575e+04,global_range_p
sim_A_025,10,p,all,excitation,5.057991e-02,11075,44,5.364381e+02,1.060575e+04,global_range_p
sim_A_025,10,p,all,peak,5.064663e-02,11075,28,5.371457e+02,1.060575e+04,global_range_p
sim_A_025,10,p,all,decay,4.402721e-02,11075,55,4.669417e+02,1.060575e+04,global_range_p
sim_A_025,10,p,all,quiescent,4.285671e-02,11075,51,4.545277e+02,1.060575e+04,global_range_p
sim_A_025,10,p,near,all,5.982202e-02,6283,150,6.344576e+02,1.060575e+04,global_range_p
sim_A_025,10,p,near,excitation,6.627070e-02,6283,44,7.028508e+02,1.060575e+04,global_range_p
sim_A_025,10,p,near,peak,6.630870e-02,6283,28,7.032538e+02,1.060575e+04,global_range_p
sim_A_025,10,p,near,decay,5.764487e-02,6283,55,6.113673e+02,1.060575e+04,global_range_p
sim_A_025,10,p,near,quiescent,5.615112e-02,6283,51,5.955250e+02,1.060575e+04,global_range_p
sim_A_025,10,p,wake,all,7.878492e-03,2234,150,8.355734e+01,1.060575e+04,global_range_p
sim_A_025,10,p,wake,excitation,8.844436e-03,2234,44,9.380192e+01,1.060575e+04,global_range_p
sim_A_025,10,p,wake,peak,9.340463e-03,2234,28,9.906265e+01,1.060575e+04,global_range_p
sim_A_025,10,p,wake,decay,7.769163e-03,2234,55,8.239783e+01,1.060575e+04,global_range_p
sim_A_025,10,p,wake,quiescent,7.069601e-03,2234,51,7.497845e+01,1.060575e+04,global_range_p
sim_A_025,10,p,far,all,1.363068e-02,2558,150,1.445636e+02,1.060575e+04,global_range_p
sim_A_025,10,p,far,excitation,1.486196e-02,2558,44,1.576223e+02,1.060575e+04,global_range_p
sim_A_025,10,p,far,peak,1.516132e-02,2558,28,1.607973e+02,1.060575e+04,global_range_p
sim_A_025,10,p,far,decay,1.333550e-02,2558,55,1.414330e+02,1.060575e+04,global_range_p
sim_A_025,10,p,far,quiescent,1.281063e-02,2558,51,1.358664e+02,1.060575e+04,global_range_p
sim_A_025,10,p,surface,all,4.237768e-02,387,150,4.494472e+02,1.060575e+04,global_range_p
sim_A_025,10,p,surface,excitation,5.014539e-02,387,44,5.318297e+02,1.060575e+04,global_range_p
sim_A_025,10,p,surface,peak,4.929928e-02,387,28,5.228561e+02,1.060575e+04,global_range_p
sim_A_025,10,p,surface,decay,3.917809e-02,387,55,4.155132e+02,1.060575e+04,global_range_p
sim_A_025,10,p,surface,quiescent,3.817368e-02,387,51,4.048607e+02,1.060575e+04,global_range_p
sim_A_025,10,combined,all,all,2.640382e-02,11075,150,2.800324e+02,1.060575e+04,global_range_all_fields
sim_A_025,10,combined,all,excitation,2.923607e-02,11075,44,3.100706e+02,1.060575e+04,global_range_all_fields
sim_A_025,10,combined,all,peak,2.927452e-02,11075,28,3.104783e+02,1.060575e+04,global_range_all_fields
sim_A_025,10,combined,all,decay,2.545707e-02,11075,55,2.699914e+02,1.060575e+04,global_range_all_fields
sim_A_025,10,combined,all,quiescent,2.478215e-02,11075,51,2.628334e+02,1.060575e+04,global_range_all_fields
sim_A_025,10,combined,near,all,3.458218e-02,6283,150,3.667701e+02,1.060575e+04,global_range_all_fields
sim_A_025,10,combined,near,excitation,3.830170e-02,6283,44,4.062184e+02,1.060575e+04,global_range_all_fields
sim_A_025,10,combined,near,peak,3.832358e-02,6283,28,4.064505e+02,1.060575e+04,global_range_all_fields
sim_A_025,10,combined,near,decay,3.332664e-02,6283,55,3.534542e+02,1.060575e+04,global_range_all_fields
sim_A_025,10,combined,near,quiescent,3.246524e-02,6283,51,3.443184e+02,1.060575e+04,global_range_all_fields
sim_A_025,10,combined,wake,all,4.551638e-03,2234,150,4.827355e+01,1.060575e+04,global_range_all_fields
sim_A_025,10,combined,wake,excitation,5.109417e-03,2234,44,5.418922e+01,1.060575e+04,global_range_all_fields
sim_A_025,10,combined,wake,peak,5.395487e-03,2234,28,5.722320e+01,1.060575e+04,global_range_all_fields
sim_A_025,10,combined,wake,decay,4.488471e-03,2234,55,4.760362e+01,1.060575e+04,global_range_all_fields
sim_A_025,10,combined,wake,quiescent,4.084620e-03,2234,51,4.332048e+01,1.060575e+04,global_range_all_fields
sim_A_025,10,combined,far,all,7.927857e-03,2558,150,8.408090e+01,1.060575e+04,global_range_all_fields
sim_A_025,10,combined,far,excitation,8.634819e-03,2558,44,9.157877e+01,1.060575e+04,global_range_all_fields
sim_A_025,10,combined,far,peak,8.806571e-03,2558,28,9.340033e+01,1.060575e+04,global_range_all_fields
sim_A_025,10,combined,far,decay,7.758373e-03,2558,55,8.228339e+01,1.060575e+04,global_range_all_fields
sim_A_025,10,combined,far,quiescent,7.457611e-03,2558,51,7.909359e+01,1.060575e+04,global_range_all_fields
sim_A_025,10,combined,surface,all,2.447859e-02,387,150,2.596139e+02,1.060575e+04,global_range_all_fields
sim_A_025,10,combined,surface,excitation,2.896233e-02,387,44,3.071673e+02,1.060575e+04,global_range_all_fields
sim_A_025,10,combined,surface,peak,2.847393e-02,387,28,3.019875e+02,1.060575e+04,global_range_all_fields
sim_A_025,10,combined,surface,decay,2.263193e-02,387,55,2.400286e+02,1.060575e+04,global_range_all_fields
sim_A_025,10,combined,surface,quiescent,2.205209e-02,387,51,2.338791e+02,1.060575e+04,global_range_all_fields
sim_A_025,10,p_surface,surface,all,4.237768e-02,387,150,4.494472e+02,1.060575e+04,surface_p_range
sim_A_025,10,p_surface,surface,excitation,5.014539e-02,387,44,5.318297e+02,1.060575e+04,surface_p_range
sim_A_025,10,p_surface,surface,peak,4.929928e-02,387,28,5.228561e+02,1.060575e+04,surface_p_range
sim_A_025,10,p_surface,surface,decay,3.917809e-02,387,55,4.155132e+02,1.060575e+04,surface_p_range
sim_A_025,10,p_surface,surface,quiescent,3.817368e-02,387,51,4.048607e+02,1.060575e+04,surface_p_range
sim_A_025,10,vorticity,all,all,1.940612e+00,17989,150,3.455854e+04,1.780807e+04,fom_vorticity_rms
sim_A_025,10,vorticity,all,excitation,1.865037e+00,17989,44,3.549384e+04,1.903117e+04,fom_vorticity_rms
sim_A_025,10,vorticity,all,peak,1.865077e+00,17989,28,3.553178e+04,1.905111e+04,fom_vorticity_rms
sim_A_025,10,vorticity,all,decay,1.965641e+00,17989,55,3.434415e+04,1.747224e+04,fom_vorticity_rms
sim_A_025,10,vorticity,all,quiescent,1.991024e+00,17989,51,3.396612e+04,1.705963e+04,fom_vorticity_rms
sim_A_025,10,vorticity,near,all,1.939260e+00,8931,150,4.901122e+04,2.527316e+04,fom_vorticity_rms
sim_A_025,10,vorticity,near,excitation,1.863856e+00,8931,44,5.034076e+04,2.700893e+04,fom_vorticity_rms
sim_A_025,10,vorticity,near,peak,1.863901e+00,8931,28,5.039464e+04,2.703719e+04,fom_vorticity_rms
sim_A_025,10,vorticity,near,decay,1.964239e+00,8931,55,4.870639e+04,2.479658e+04,fom_vorticity_rms
sim_A_025,10,vorticity,near,quiescent,1.989554e+00,8931,51,4.816907e+04,2.421099e+04,fom_vorticity_rms
sim_A_025,10,vorticity,wake,all,2.394377e+00,4541,150,4.163516e+01,1.738872e+01,fom_vorticity_rms
sim_A_025,10,vorticity,wake,excitation,2.323226e+00,4541,44,4.134859e+01,1.779792e+01,fom_vorticity_rms
sim_A_025,10,vorticity,wake,peak,2.322644e+00,4541,28,4.132478e+01,1.779213e+01,fom_vorticity_rms
sim_A_025,10,vorticity,wake,decay,2.465468e+00,4541,55,4.257275e+01,1.726761e+01,fom_vorticity_rms
sim_A_025,10,vorticity,wake,quiescent,2.380608e+00,4541,51,4.085167e+01,1.716018e+01,fom_vorticity_rms
sim_A_025,10,vorticity,far,all,1.050074e+01,4517,150,2.618828e+03,2.493947e+02,fom_vorticity_rms
sim_A_025,10,vorticity,far,excitation,9.304092e+00,4517,44,2.572321e+03,2.764721e+02,fom_vorticity_rms
sim_A_025,10,vorticity,far,peak,9.046673e+00,4517,28,2.572588e+03,2.843684e+02,fom_vorticity_rms
sim_A_025,10,vorticity,far,decay,1.098291e+01,4517,55,2.630549e+03,2.395130e+02,fom_vorticity_rms
sim_A_025,10,vorticity,far,quiescent,1.126907e+01,4517,51,2.645790e+03,2.347834e+02,fom_vorticity_rms
sim_Cc_060,1,vx,all,all,1.098001e-01,11075,150,2.305289e+01,2.099532e+02,global_range_vx
sim_Cc_060,1,vx,all,excitation,1.147472e-01,11075,30,2.409155e+01,2.099532e+02,global_range_vx
sim_Cc_060,1,vx,all,peak,1.137044e-01,11075,20,2.387260e+01,2.099532e+02,global_range_vx
sim_Cc_060,1,vx,all,decay,1.089268e-01,11075,53,2.286953e+01,2.099532e+02,global_range_vx
sim_Cc_060,1,vx,all,quiescent,1.082117e-01,11075,67,2.271939e+01,2.099532e+02,global_range_vx
sim_Cc_060,1,vx,near,all,1.402650e-01,6283,150,2.944909e+01,2.099532e+02,global_range_vx
sim_Cc_060,1,vx,near,excitation,1.462704e-01,6283,30,3.070993e+01,2.099532e+02,global_range_vx
sim_Cc_060,1,vx,near,peak,1.450315e-01,6283,20,3.044983e+01,2.099532e+02,global_range_vx
sim_Cc_060,1,vx,near,decay,1.392014e-01,6283,53,2.922577e+01,2.099532e+02,global_range_vx
sim_Cc_060,1,vx,near,quiescent,1.383435e-01,6283,67,2.904566e+01,2.099532e+02,global_range_vx
sim_Cc_060,1,vx,wake,all,1.058064e-02,2234,150,2.221438e+00,2.099532e+02,global_range_vx
sim_Cc_060,1,vx,wake,excitation,1.783857e-02,2234,30,3.745265e+00,2.099532e+02,global_range_vx
sim_Cc_060,1,vx,wake,peak,1.370300e-02,2234,20,2.876988e+00,2.099532e+02,global_range_vx
sim_Cc_060,1,vx,wake,decay,8.628307e-03,2234,53,1.811541e+00,2.099532e+02,global_range_vx
sim_Cc_060,1,vx,wake,quiescent,7.018434e-03,2234,67,1.473543e+00,2.099532e+02,global_range_vx
sim_Cc_060,1,vx,far,all,6.144402e-02,2558,150,1.290037e+01,2.099532e+02,global_range_vx
sim_Cc_060,1,vx,far,excitation,6.463939e-02,2558,30,1.357125e+01,2.099532e+02,global_range_vx
sim_Cc_060,1,vx,far,peak,6.439780e-02,2558,20,1.352052e+01,2.099532e+02,global_range_vx
sim_Cc_060,1,vx,far,decay,6.091949e-02,2558,53,1.279024e+01,2.099532e+02,global_range_vx
sim_Cc_060,1,vx,far,quiescent,6.038000e-02,2558,67,1.267697e+01,2.099532e+02,global_range_vx
sim_Cc_060,1,vx,surface,all,3.850749e-02,387,150,8.084771e+00,2.099532e+02,global_range_vx
sim_Cc_060,1,vx,surface,excitation,6.082749e-02,387,30,1.277093e+01,2.099532e+02,global_range_vx
sim_Cc_060,1,vx,surface,peak,5.605849e-02,387,20,1.176966e+01,2.099532e+02,global_range_vx
sim_Cc_060,1,vx,surface,decay,3.208691e-02,387,53,6.736749e+00,2.099532e+02,global_range_vx
sim_Cc_060,1,vx,surface,quiescent,2.913103e-02,387,67,6.116154e+00,2.099532e+02,global_range_vx
sim_Cc_060,1,vy,all,all,2.258856e-02,11075,150,4.946775e+00,2.189948e+02,global_range_vy
sim_Cc_060,1,vy,all,excitation,3.018388e-02,11075,30,6.610111e+00,2.189948e+02,global_range_vy
sim_Cc_060,1,vy,all,peak,2.846844e-02,11075,20,6.234439e+00,2.189948e+02,global_range_vy
sim_Cc_060,1,vy,all,decay,2.100813e-02,11075,53,4.600669e+00,2.189948e+02,global_range_vy
sim_Cc_060,1,vy,all,quiescent,1.962839e-02,11075,67,4.298515e+00,2.189948e+02,global_range_vy
sim_Cc_060,1,vy,near,all,2.838059e-02,6283,150,6.215201e+00,2.189948e+02,global_range_vy
sim_Cc_060,1,vy,near,excitation,3.523694e-02,6283,30,7.716704e+00,2.189948e+02,global_range_vy
sim_Cc_060,1,vy,near,peak,3.427417e-02,6283,20,7.505863e+00,2.189948e+02,global_range_vy
sim_Cc_060,1,vy,near,decay,2.713301e-02,6283,53,5.941988e+00,2.189948e+02,global_range_vy
sim_Cc_060,1,vy,near,quiescent,2.578638e-02,6283,67,5.647083e+00,2.189948e+02,global_range_vy
sim_Cc_060,1,vy,wake,all,1.047402e-02,2234,150,2.293755e+00,2.189948e+02,global_range_vy
sim_Cc_060,1,vy,wake,excitation,2.072707e-02,2234,30,4.539120e+00,2.189948e+02,global_range_vy
sim_Cc_060,1,vy,wake,peak,1.504346e-02,2234,20,3.294438e+00,2.189948e+02,global_range_vy
sim_Cc_060,1,vy,wake,decay,7.515207e-03,2234,53,1.645791e+00,2.189948e+02,global_range_vy
sim_Cc_060,1,vy,wake,quiescent,2.927132e-03,2234,67,6.410266e-01,2.189948e+02,global_range_vy
sim_Cc_060,1,vy,far,all,1.161620e-02,2558,150,2.543887e+00,2.189948e+02,global_range_vy
sim_Cc_060,1,vy,far,excitation,2.279421e-02,2558,30,4.991812e+00,2.189948e+02,global_range_vy
sim_Cc_060,1,vy,far,peak,2.063716e-02,2558,20,4.519430e+00,2.189948e+02,global_range_vy
sim_Cc_060,1,vy,far,decay,7.295159e-03,2558,53,1.597602e+00,2.189948e+02,global_range_vy
sim_Cc_060,1,vy,far,quiescent,5.229822e-03,2558,67,1.145304e+00,2.189948e+02,global_range_vy
sim_Cc_060,1,vy,surface,all,2.185059e-02,387,150,4.785166e+00,2.189948e+02,global_range_vy
sim_Cc_060,1,vy,surface,excitation,3.426330e-02,387,30,7.503483e+00,2.189948e+02,global_range_vy
sim_Cc_060,1,vy,surface,peak,3.390469e-02,387,20,7.424950e+00,2.189948e+02,global_range_vy
sim_Cc_060,1,vy,surface,decay,1.795834e-02,387,53,3.932783e+00,2.189948e+02,global_range_vy
sim_Cc_060,1,vy,surface,quiescent,1.697472e-02,387,67,3.717375e+00,2.189948e+02,global_range_vy
sim_Cc_060,1,p,all,all,2.400194e-02,11075,150,5.257957e+02,2.190638e+04,global_range_p
sim_Cc_060,1,p,all,excitation,3.409927e-02,11075,30,7.469917e+02,2.190638e+04,global_range_p
sim_Cc_060,1,p,all,peak,3.630223e-02,11075,20,7.952505e+02,2.190638e+04,global_range_p
sim_Cc_060,1,p,all,decay,2.262165e-02,11075,53,4.955585e+02,2.190638e+04,global_range_p
sim_Cc_060,1,p,all,quiescent,1.908700e-02,11075,67,4.181271e+02,2.190638e+04,global_range_p
sim_Cc_060,1,p,near,all,3.009181e-02,6283,150,6.592028e+02,2.190638e+04,global_range_p
sim_Cc_060,1,p,near,excitation,4.121640e-02,6283,30,9.029022e+02,2.190638e+04,global_range_p
sim_Cc_060,1,p,near,peak,4.261051e-02,6283,20,9.334421e+02,2.190638e+04,global_range_p
sim_Cc_060,1,p,near,decay,2.826590e-02,6283,53,6.192035e+02,2.190638e+04,global_range_p
sim_Cc_060,1,p,near,quiescent,2.519148e-02,6283,67,5.518543e+02,2.190638e+04,global_range_p
sim_Cc_060,1,p,wake,all,1.189021e-02,2234,150,2.604715e+02,2.190638e+04,global_range_p
sim_Cc_060,1,p,wake,excitation,2.159656e-02,2234,30,4.731026e+02,2.190638e+04,global_range_p
sim_Cc_060,1,p,wake,peak,2.611968e-02,2234,20,5.721877e+02,2.190638e+04,global_range_p
sim_Cc_060,1,p,wake,decay,1.149273e-02,2234,53,2.517641e+02,2.190638e+04,global_range_p
sim_Cc_060,1,p,wake,quiescent,1.786443e-03,2234,67,3.913451e+01,2.190638e+04,global_range_p
sim_Cc_060,1,p,far,all,1.210830e-02,2558,150,2.652491e+02,2.190638e+04,global_range_p
sim_Cc_060,1,p,far,excitation,2.131433e-02,2558,30,4.669198e+02,2.190638e+04,global_range_p
sim_Cc_060,1,p,far,peak,2.549992e-02,2558,20,5.586109e+02,2.190638e+04,global_range_p
sim_Cc_060,1,p,far,decay,1.174003e-02,2558,53,2.571815e+02,2.190638e+04,global_range_p
sim_Cc_060,1,p,far,quiescent,3.973290e-03,2558,67,8.704042e+01,2.190638e+04,global_range_p
sim_Cc_060,1,p,surface,all,2.447806e-02,387,150,5.362258e+02,2.190638e+04,global_range_p
sim_Cc_060,1,p,surface,excitation,4.366542e-02,387,30,9.565514e+02,2.190638e+04,global_range_p
sim_Cc_060,1,p,surface,peak,4.415548e-02,387,20,9.672869e+02,2.190638e+04,global_range_p
sim_Cc_060,1,p,surface,decay,1.923682e-02,387,53,4.214091e+02,2.190638e+04,global_range_p
sim_Cc_060,1,p,surface,quiescent,1.396336e-02,387,67,3.058867e+02,2.190638e+04,global_range_p
sim_Cc_060,1,combined,all,all,1.387145e-02,11075,150,3.038734e+02,2.190638e+04,global_range_all_fields
sim_Cc_060,1,combined,all,excitation,1.969823e-02,11075,30,4.315170e+02,2.190638e+04,global_range_all_fields
sim_Cc_060,1,combined,all,peak,2.096919e-02,11075,20,4.593590e+02,2.190638e+04,global_range_all_fields
sim_Cc_060,1,combined,all,decay,1.307508e-02,11075,53,2.864276e+02,2.190638e+04,global_range_all_fields
sim_Cc_060,1,combined,all,quiescent,1.103672e-02,11075,67,2.417747e+02,2.190638e+04,global_range_all_fields
sim_Cc_060,1,combined,near,all,1.739162e-02,6283,150,3.809874e+02,2.190638e+04,global_range_all_fields
sim_Cc_060,1,combined,near,excitation,2.381093e-02,6283,30,5.216113e+02,2.190638e+04,global_range_all_fields
sim_Cc_060,1,combined,near,peak,2.461507e-02,6283,20,5.392271e+02,2.190638e+04,global_range_all_fields
sim_Cc_060,1,combined,near,decay,1.633824e-02,6283,53,3.579118e+02,2.190638e+04,global_range_all_fields
sim_Cc_060,1,combined,near,quiescent,1.456520e-02,6283,67,3.190709e+02,2.190638e+04,global_range_all_fields
sim_Cc_060,1,combined,wake,all,6.865331e-03,2234,150,1.503946e+02,2.190638e+04,global_range_all_fields
sim_Cc_060,1,combined,wake,excitation,1.246975e-02,2234,30,2.731671e+02,2.190638e+04,global_range_all_fields
sim_Cc_060,1,combined,wake,peak,1.508064e-02,2234,20,3.303624e+02,2.190638e+04,global_range_all_fields
sim_Cc_060,1,combined,wake,decay,6.635642e-03,2234,53,1.453629e+02,2.190638e+04,global_range_all_fields
sim_Cc_060,1,combined,wake,quiescent,1.032273e-03,2234,67,2.261336e+01,2.190638e+04,global_range_all_fields
sim_Cc_060,1,combined,far,all,6.999315e-03,2558,150,1.533297e+02,2.190638e+04,global_range_all_fields
sim_Cc_060,1,combined,far,excitation,1.231173e-02,2558,30,2.697055e+02,2.190638e+04,global_range_all_fields
sim_Cc_060,1,combined,far,peak,1.472718e-02,2558,20,3.226192e+02,2.190638e+04,global_range_all_fields
sim_Cc_060,1,combined,far,decay,6.786614e-03,2558,53,1.486702e+02,2.190638e+04,global_range_all_fields
sim_Cc_060,1,combined,far,quiescent,2.318380e-03,2558,67,5.078731e+01,2.190638e+04,global_range_all_fields
sim_Cc_060,1,combined,surface,all,1.413458e-02,387,150,3.096376e+02,2.190638e+04,global_range_all_fields
sim_Cc_060,1,combined,surface,excitation,2.521326e-02,387,30,5.523314e+02,2.190638e+04,global_range_all_fields
sim_Cc_060,1,combined,surface,peak,2.549582e-02,387,20,5.585211e+02,2.190638e+04,global_range_all_fields
sim_Cc_060,1,combined,surface,decay,1.110828e-02,387,53,2.433423e+02,2.190638e+04,global_range_all_fields
sim_Cc_060,1,combined,surface,quiescent,8.063956e-03,387,67,1.766521e+02,2.190638e+04,global_range_all_fields
sim_Cc_060,1,p_surface,surface,all,2.447806e-02,387,150,5.362258e+02,2.190638e+04,surface_p_range
sim_Cc_060,1,p_surface,surface,excitation,4.366542e-02,387,30,9.565514e+02,2.190638e+04,surface_p_range
sim_Cc_060,1,p_surface,surface,peak,4.415548e-02,387,20,9.672869e+02,2.190638e+04,surface_p_range
sim_Cc_060,1,p_surface,surface,decay,1.923682e-02,387,53,4.214091e+02,2.190638e+04,surface_p_range
sim_Cc_060,1,p_surface,surface,quiescent,1.396336e-02,387,67,3.058867e+02,2.190638e+04,surface_p_range
sim_Cc_060,1,vorticity,all,all,7.446468e-01,17989,150,1.376546e+04,1.848589e+04,fom_vorticity_rms
sim_Cc_060,1,vorticity,all,excitation,8.630743e-01,17989,30,1.872730e+04,2.169836e+04,fom_vorticity_rms
sim_Cc_060,1,vorticity,all,peak,8.996585e-01,17989,20,1.894184e+04,2.105448e+04,fom_vorticity_rms
sim_Cc_060,1,vorticity,all,decay,7.031342e-01,17989,53,1.282650e+04,1.824190e+04,fom_vorticity_rms
sim_Cc_060,1,vorticity,all,quiescent,6.862475e-01,17989,67,1.170681e+04,1.705917e+04,fom_vorticity_rms
sim_Cc_060,1,vorticity,near,all,7.445604e-01,8931,150,1.953359e+04,2.623506e+04,fom_vorticity_rms
sim_Cc_060,1,vorticity,near,excitation,8.630051e-01,8931,30,2.657528e+04,3.079388e+04,fom_vorticity_rms
sim_Cc_060,1,vorticity,near,peak,8.995772e-01,8931,20,2.687913e+04,2.987974e+04,fom_vorticity_rms
sim_Cc_060,1,vorticity,near,decay,7.030506e-01,8931,53,1.820120e+04,2.588889e+04,fom_vorticity_rms
sim_Cc_060,1,vorticity,near,quiescent,6.861445e-01,8931,67,1.661180e+04,2.421035e+04,fom_vorticity_rms
sim_Cc_060,1,vorticity,wake,all,2.540552e+00,4541,150,5.339227e+01,2.101601e+01,fom_vorticity_rms
sim_Cc_060,1,vorticity,wake,excitation,2.350344e+00,4541,30,7.081230e+01,3.012849e+01,fom_vorticity_rms
sim_Cc_060,1,vorticity,wake,peak,3.929026e+00,4541,20,6.815606e+01,1.734681e+01,fom_vorticity_rms
sim_Cc_060,1,vorticity,wake,decay,2.611871e+00,4541,53,4.970219e+01,1.902935e+01,fom_vorticity_rms
sim_Cc_060,1,vorticity,wake,quiescent,2.715960e+00,4541,67,4.672121e+01,1.720247e+01,fom_vorticity_rms
sim_Cc_060,1,vorticity,far,all,1.704765e+00,4517,150,4.614436e+02,2.706787e+02,fom_vorticity_rms
sim_Cc_060,1,vorticity,far,excitation,1.534387e+00,4517,30,5.667817e+02,3.693865e+02,fom_vorticity_rms
sim_Cc_060,1,vorticity,far,peak,1.513185e+00,4517,20,6.267380e+02,4.141846e+02,fom_vorticity_rms
sim_Cc_060,1,vorticity,far,decay,1.742076e+00,4517,53,4.282473e+02,2.458258e+02,fom_vorticity_rms
sim_Cc_060,1,vorticity,far,quiescent,1.845614e+00,4517,67,4.333540e+02,2.348021e+02,fom_vorticity_rms
sim_Cc_060,5,vx,all,all,1.188938e-01,11075,150,2.496213e+01,2.099532e+02,global_range_vx
sim_Cc_060,5,vx,all,excitation,1.250610e-01,11075,30,2.625695e+01,2.099532e+02,global_range_vx
sim_Cc_060,5,vx,all,peak,1.235245e-01,11075,20,2.593437e+01,2.099532e+02,global_range_vx
sim_Cc_060,5,vx,all,decay,1.177802e-01,11075,53,2.472832e+01,2.099532e+02,global_range_vx
sim_Cc_060,5,vx,all,quiescent,1.169212e-01,11075,67,2.454797e+01,2.099532e+02,global_range_vx
sim_Cc_060,5,vx,near,all,1.482192e-01,6283,150,3.111909e+01,2.099532e+02,global_range_vx
sim_Cc_060,5,vx,near,excitation,1.560967e-01,6283,30,3.277301e+01,2.099532e+02,global_range_vx
sim_Cc_060,5,vx,near,peak,1.542326e-01,6283,20,3.238163e+01,2.099532e+02,global_range_vx
sim_Cc_060,5,vx,near,decay,1.467550e-01,6283,53,3.081169e+01,2.099532e+02,global_range_vx
sim_Cc_060,5,vx,near,quiescent,1.457297e-01,6283,67,3.059642e+01,2.099532e+02,global_range_vx
sim_Cc_060,5,vx,wake,all,1.557979e-02,2234,150,3.271026e+00,2.099532e+02,global_range_vx
sim_Cc_060,5,vx,wake,excitation,2.270383e-02,2234,30,4.766742e+00,2.099532e+02,global_range_vx
sim_Cc_060,5,vx,wake,peak,1.841849e-02,2234,20,3.867022e+00,2.099532e+02,global_range_vx
sim_Cc_060,5,vx,wake,decay,1.431018e-02,2234,53,3.004469e+00,2.099532e+02,global_range_vx
sim_Cc_060,5,vx,wake,quiescent,1.227310e-02,2234,67,2.576777e+00,2.099532e+02,global_range_vx
sim_Cc_060,5,vx,far,all,8.383925e-02,2558,150,1.760232e+01,2.099532e+02,global_range_vx
sim_Cc_060,5,vx,far,excitation,8.611919e-02,2558,30,1.808100e+01,2.099532e+02,global_range_vx
sim_Cc_060,5,vx,far,peak,8.566031e-02,2558,20,1.798466e+01,2.099532e+02,global_range_vx
sim_Cc_060,5,vx,far,decay,8.355732e-02,2558,53,1.754313e+01,2.099532e+02,global_range_vx
sim_Cc_060,5,vx,far,quiescent,8.302317e-02,2558,67,1.743098e+01,2.099532e+02,global_range_vx
sim_Cc_060,5,vx,surface,all,5.129927e-02,387,150,1.077045e+01,2.099532e+02,global_range_vx
sim_Cc_060,5,vx,surface,excitation,7.706079e-02,387,30,1.617916e+01,2.099532e+02,global_range_vx
sim_Cc_060,5,vx,surface,peak,7.004867e-02,387,20,1.470694e+01,2.099532e+02,global_range_vx
sim_Cc_060,5,vx,surface,decay,4.517245e-02,387,53,9.484099e+00,2.099532e+02,global_range_vx
sim_Cc_060,5,vx,surface,quiescent,4.023109e-02,387,67,8.446646e+00,2.099532e+02,global_range_vx
sim_Cc_060,5,vy,all,all,2.887808e-02,11075,150,6.324148e+00,2.189948e+02,global_range_vy
sim_Cc_060,5,vy,all,excitation,4.055374e-02,11075,30,8.881057e+00,2.189948e+02,global_range_vy
sim_Cc_060,5,vy,all,peak,3.909364e-02,11075,20,8.561302e+00,2.189948e+02,global_range_vy
sim_Cc_060,5,vy,all,decay,2.634612e-02,11075,53,5.769663e+00,2.189948e+02,global_range_vy
sim_Cc_060,5,vy,all,quiescent,2.411573e-02,11075,67,5.281218e+00,2.189948e+02,global_range_vy
sim_Cc_060,5,vy,near,all,3.435262e-02,6283,150,7.523045e+00,2.189948e+02,global_range_vy
sim_Cc_060,5,vy,near,excitation,4.461124e-02,6283,30,9.769629e+00,2.189948e+02,global_range_vy
sim_Cc_060,5,vy,near,peak,4.362303e-02,6283,20,9.553215e+00,2.189948e+02,global_range_vy
sim_Cc_060,5,vy,near,decay,3.239719e-02,6283,53,7.094815e+00,2.189948e+02,global_range_vy
sim_Cc_060,5,vy,near,quiescent,3.034205e-02,6283,67,6.644751e+00,2.189948e+02,global_range_vy
sim_Cc_060,5,vy,wake,all,1.619025e-02,2234,150,3.545579e+00,2.189948e+02,global_range_vy
sim_Cc_060,5,vy,wake,excitation,2.858290e-02,2234,30,6.259506e+00,2.189948e+02,global_range_vy
sim_Cc_060,5,vy,wake,peak,2.410929e-02,2234,20,5.279807e+00,2.189948e+02,global_range_vy
sim_Cc_060,5,vy,wake,decay,1.291820e-02,2234,53,2.829019e+00,2.189948e+02,global_range_vy
sim_Cc_060,5,vy,wake,quiescent,9.435167e-03,2234,67,2.066252e+00,2.189948e+02,global_range_vy
sim_Cc_060,5,vy,far,all,2.197939e-02,2558,150,4.813370e+00,2.189948e+02,global_range_vy
sim_Cc_060,5,vy,far,excitation,3.896972e-02,2558,30,8.534164e+00,2.189948e+02,global_range_vy
sim_Cc_060,5,vy,far,peak,3.788372e-02,2558,20,8.296336e+00,2.189948e+02,global_range_vy
sim_Cc_060,5,vy,far,decay,1.677767e-02,2558,53,3.674221e+00,2.189948e+02,global_range_vy
sim_Cc_060,5,vy,far,quiescent,1.337511e-02,2558,67,2.929079e+00,2.189948e+02,global_range_vy
sim_Cc_060,5,vy,surface,all,3.349794e-02,387,150,7.335874e+00,2.189948e+02,global_range_vy
sim_Cc_060,5,vy,surface,excitation,4.749010e-02,387,30,1.040008e+01,2.189948e+02,global_range_vy
sim_Cc_060,5,vy,surface,peak,4.725235e-02,387,20,1.034802e+01,2.189948e+02,global_range_vy
sim_Cc_060,5,vy,surface,decay,3.025818e-02,387,53,6.626382e+00,2.189948e+02,global_range_vy
sim_Cc_060,5,vy,surface,quiescent,2.789452e-02,387,67,6.108753e+00,2.189948e+02,global_range_vy
sim_Cc_060,5,p,all,all,2.843532e-02,11075,150,6.229149e+02,2.190638e+04,global_range_p
sim_Cc_060,5,p,all,excitation,4.377117e-02,11075,30,9.588680e+02,2.190638e+04,global_range_p
sim_Cc_060,5,p,all,peak,4.663775e-02,11075,20,1.021665e+03,2.190638e+04,global_range_p
sim_Cc_060,5,p,all,decay,2.539739e-02,11075,53,5.563649e+02,2.190638e+04,global_range_p
sim_Cc_060,5,p,all,quiescent,2.102634e-02,11075,67,4.606111e+02,2.190638e+04,global_range_p
sim_Cc_060,5,p,near,all,3.559910e-02,6283,150,7.798476e+02,2.190638e+04,global_range_p
sim_Cc_060,5,p,near,excitation,5.453066e-02,6283,30,1.194569e+03,2.190638e+04,global_range_p
sim_Cc_060,5,p,near,peak,5.725147e-02,6283,20,1.254173e+03,2.190638e+04,global_range_p
sim_Cc_060,5,p,near,decay,3.131153e-02,6283,53,6.859224e+02,2.190638e+04,global_range_p
sim_Cc_060,5,p,near,quiescent,2.702260e-02,6283,67,5.919674e+02,2.190638e+04,global_range_p
sim_Cc_060,5,p,wake,all,1.282889e-02,2234,150,2.810346e+02,2.190638e+04,global_range_p
sim_Cc_060,5,p,wake,excitation,2.147497e-02,2234,30,4.704390e+02,2.190638e+04,global_range_p
sim_Cc_060,5,p,wake,peak,2.567507e-02,2234,20,5.624479e+02,2.190638e+04,global_range_p
sim_Cc_060,5,p,wake,decay,1.306314e-02,2234,53,2.861661e+02,2.190638e+04,global_range_p
sim_Cc_060,5,p,wake,quiescent,5.194184e-03,2234,67,1.137858e+02,2.190638e+04,global_range_p
sim_Cc_060,5,p,far,all,1.562845e-02,2558,150,3.423628e+02,2.190638e+04,global_range_p
sim_Cc_060,5,p,far,excitation,2.425928e-02,2558,30,5.314332e+02,2.190638e+04,global_range_p
sim_Cc_060,5,p,far,peak,2.811763e-02,2558,20,6.159555e+02,2.190638e+04,global_range_p
sim_Cc_060,5,p,far,decay,1.534752e-02,2558,53,3.362087e+02,2.190638e+04,global_range_p
sim_Cc_060,5,p,far,quiescent,9.848031e-03,2558,67,2.157348e+02,2.190638e+04,global_range_p
sim_Cc_060,5,p,surface,all,3.696605e-02,387,150,8.097925e+02,2.190638e+04,global_range_p
sim_Cc_060,5,p,surface,excitation,7.088472e-02,387,30,1.552828e+03,2.190638e+04,global_range_p
sim_Cc_060,5,p,surface,peak,7.443902e-02,387,20,1.630690e+03,2.190638e+04,global_range_p
sim_Cc_060,5,p,surface,decay,2.662927e-02,387,53,5.833510e+02,2.190638e+04,global_range_p
sim_Cc_060,5,p,surface,quiescent,1.576451e-02,387,67,3.453434e+02,2.190638e+04,global_range_p
sim_Cc_060,5,combined,all,all,1.643116e-02,11075,150,3.599473e+02,2.190638e+04,global_range_all_fields
sim_Cc_060,5,combined,all,excitation,2.528185e-02,11075,30,5.538340e+02,2.190638e+04,global_range_all_fields
sim_Cc_060,5,combined,all,peak,2.693594e-02,11075,20,5.900690e+02,2.190638e+04,global_range_all_fields
sim_Cc_060,5,combined,all,decay,1.467845e-02,11075,53,3.215518e+02,2.190638e+04,global_range_all_fields
sim_Cc_060,5,combined,all,quiescent,1.215759e-02,11075,67,2.663288e+02,2.190638e+04,global_range_all_fields
sim_Cc_060,5,combined,near,all,2.057046e-02,6283,150,4.506245e+02,2.190638e+04,global_range_all_fields
sim_Cc_060,5,combined,near,excitation,3.149619e-02,6283,30,6.899676e+02,2.190638e+04,global_range_all_fields
sim_Cc_060,5,combined,near,peak,3.306612e-02,6283,20,7.243592e+02,2.190638e+04,global_range_all_fields
sim_Cc_060,5,combined,near,decay,1.809692e-02,6283,53,3.964380e+02,2.190638e+04,global_range_all_fields
sim_Cc_060,5,combined,near,quiescent,1.562331e-02,6283,67,3.422503e+02,2.190638e+04,global_range_all_fields
sim_Cc_060,5,combined,wake,all,7.407856e-03,2234,150,1.622793e+02,2.190638e+04,global_range_all_fields
sim_Cc_060,5,combined,wake,excitation,1.240031e-02,2234,30,2.716460e+02,2.190638e+04,global_range_all_fields
sim_Cc_060,5,combined,wake,peak,1.482451e-02,2234,20,3.247514e+02,2.190638e+04,global_range_all_fields
sim_Cc_060,5,combined,wake,decay,7.542789e-03,2234,53,1.652352e+02,2.190638e+04,global_range_all_fields
sim_Cc_060,5,combined,wake,quiescent,3.000127e-03,2234,67,6.572192e+01,2.190638e+04,global_range_all_fields
sim_Cc_060,5,combined,far,all,9.035897e-03,2558,150,1.979438e+02,2.190638e+04,global_range_all_fields
sim_Cc_060,5,combined,far,excitation,1.401601e-02,2558,30,3.070402e+02,2.190638e+04,global_range_all_fields
sim_Cc_060,5,combined,far,peak,1.624211e-02,2558,20,3.558059e+02,2.190638e+04,global_range_all_fields
sim_Cc_060,5,combined,far,decay,8.873480e-03,2558,53,1.943858e+02,2.190638e+04,global_range_all_fields
sim_Cc_060,5,combined,far,quiescent,5.704815e-03,2558,67,1.249719e+02,2.190638e+04,global_range_all_fields
sim_Cc_060,5,combined,surface,all,2.134512e-02,387,150,4.675945e+02,2.190638e+04,global_range_all_fields
sim_Cc_060,5,combined,surface,excitation,4.092845e-02,387,30,8.965943e+02,2.190638e+04,global_range_all_fields
sim_Cc_060,5,combined,surface,peak,4.298000e-02,387,20,9.415364e+02,2.190638e+04,global_range_all_fields
sim_Cc_060,5,combined,surface,decay,1.537744e-02,387,53,3.368641e+02,2.190638e+04,global_range_all_fields
sim_Cc_060,5,combined,surface,quiescent,9.105789e-03,387,67,1.994749e+02,2.190638e+04,global_range_all_fields
sim_Cc_060,5,p_surface,surface,all,3.696605e-02,387,150,8.097925e+02,2.190638e+04,surface_p_range
sim_Cc_060,5,p_surface,surface,excitation,7.088472e-02,387,30,1.552828e+03,2.190638e+04,surface_p_range
sim_Cc_060,5,p_surface,surface,peak,7.443902e-02,387,20,1.630690e+03,2.190638e+04,surface_p_range
sim_Cc_060,5,p_surface,surface,decay,2.662927e-02,387,53,5.833510e+02,2.190638e+04,surface_p_range
sim_Cc_060,5,p_surface,surface,quiescent,1.576451e-02,387,67,3.453434e+02,2.190638e+04,surface_p_range
sim_Cc_060,5,vorticity,all,all,8.565322e-01,17989,150,1.583376e+04,1.848589e+04,fom_vorticity_rms
sim_Cc_060,5,vorticity,all,excitation,8.489609e-01,17989,30,1.842106e+04,2.169836e+04,fom_vorticity_rms
sim_Cc_060,5,vorticity,all,peak,8.352466e-01,17989,20,1.758568e+04,2.105448e+04,fom_vorticity_rms
sim_Cc_060,5,vorticity,all,decay,8.537365e-01,17989,53,1.557377e+04,1.824190e+04,fom_vorticity_rms
sim_Cc_060,5,vorticity,all,quiescent,8.644806e-01,17989,67,1.474732e+04,1.705917e+04,fom_vorticity_rms
sim_Cc_060,5,vorticity,near,all,8.565199e-01,8931,150,2.247085e+04,2.623506e+04,fom_vorticity_rms
sim_Cc_060,5,vorticity,near,excitation,8.489459e-01,8931,30,2.614234e+04,3.079388e+04,fom_vorticity_rms
sim_Cc_060,5,vorticity,near,peak,8.352258e-01,8931,20,2.495633e+04,2.987974e+04,fom_vorticity_rms
sim_Cc_060,5,vorticity,near,decay,8.537252e-01,8931,53,2.210200e+04,2.588889e+04,fom_vorticity_rms
sim_Cc_060,5,vorticity,near,quiescent,8.644690e-01,8931,67,2.092909e+04,2.421035e+04,fom_vorticity_rms
sim_Cc_060,5,vorticity,wake,all,3.088438e+00,4541,150,6.490664e+01,2.101601e+01,fom_vorticity_rms
sim_Cc_060,5,vorticity,wake,excitation,2.313500e+00,4541,30,6.970227e+01,3.012849e+01,fom_vorticity_rms
sim_Cc_060,5,vorticity,wake,peak,3.737389e+00,4541,20,6.483176e+01,1.734681e+01,fom_vorticity_rms
sim_Cc_060,5,vorticity,wake,decay,3.369193e+00,4541,53,6.411354e+01,1.902935e+01,fom_vorticity_rms
sim_Cc_060,5,vorticity,wake,quiescent,3.678732e+00,4541,67,6.328327e+01,1.720247e+01,fom_vorticity_rms
sim_Cc_060,5,vorticity,far,all,1.036458e+00,4517,150,2.805471e+02,2.706787e+02,fom_vorticity_rms
sim_Cc_060,5,vorticity,far,excitation,1.019720e+00,4517,30,3.766708e+02,3.693865e+02,fom_vorticity_rms
sim_Cc_060,5,vorticity,far,peak,1.015809e+00,4517,20,4.207325e+02,4.141846e+02,fom_vorticity_rms
sim_Cc_060,5,vorticity,far,decay,1.043989e+00,4517,53,2.566396e+02,2.458258e+02,fom_vorticity_rms
sim_Cc_060,5,vorticity,far,quiescent,1.048236e+00,4517,67,2.461280e+02,2.348021e+02,fom_vorticity_rms
sim_Cc_060,10,vx,all,all,1.202099e-01,11075,150,2.523845e+01,2.099532e+02,global_range_vx
sim_Cc_060,10,vx,all,excitation,1.267630e-01,11075,30,2.661430e+01,2.099532e+02,global_range_vx
sim_Cc_060,10,vx,all,peak,1.253013e-01,11075,20,2.630740e+01,2.099532e+02,global_range_vx
sim_Cc_060,10,vx,all,decay,1.190105e-01,11075,53,2.498663e+01,2.099532e+02,global_range_vx
sim_Cc_060,10,vx,all,quiescent,1.181216e-01,11075,67,2.480000e+01,2.099532e+02,global_range_vx
sim_Cc_060,10,vx,near,all,1.500637e-01,6283,150,3.150636e+01,2.099532e+02,global_range_vx
sim_Cc_060,10,vx,near,excitation,1.585271e-01,6283,30,3.328328e+01,2.099532e+02,global_range_vx
sim_Cc_060,10,vx,near,peak,1.567284e-01,6283,20,3.290564e+01,2.099532e+02,global_range_vx
sim_Cc_060,10,vx,near,decay,1.484773e-01,6283,53,3.117327e+01,2.099532e+02,global_range_vx
sim_Cc_060,10,vx,near,quiescent,1.473919e-01,6283,67,3.094540e+01,2.099532e+02,global_range_vx
sim_Cc_060,10,vx,wake,all,1.526112e-02,2234,150,3.204121e+00,2.099532e+02,global_range_vx
sim_Cc_060,10,vx,wake,excitation,2.227824e-02,2234,30,4.677388e+00,2.099532e+02,global_range_vx
sim_Cc_060,10,vx,wake,peak,1.833756e-02,2234,20,3.850029e+00,2.099532e+02,global_range_vx
sim_Cc_060,10,vx,wake,decay,1.424472e-02,2234,53,2.990725e+00,2.099532e+02,global_range_vx
sim_Cc_060,10,vx,wake,quiescent,1.177609e-02,2234,67,2.472428e+00,2.099532e+02,global_range_vx
sim_Cc_060,10,vx,far,all,8.395602e-02,2558,150,1.762683e+01,2.099532e+02,global_range_vx
sim_Cc_060,10,vx,far,excitation,8.608560e-02,2558,30,1.807395e+01,2.099532e+02,global_range_vx
sim_Cc_060,10,vx,far,peak,8.572104e-02,2558,20,1.799741e+01,2.099532e+02,global_range_vx
sim_Cc_060,10,vx,far,decay,8.364172e-02,2558,53,1.756085e+01,2.099532e+02,global_range_vx
sim_Cc_060,10,vx,far,quiescent,8.323546e-02,2558,67,1.747555e+01,2.099532e+02,global_range_vx
sim_Cc_060,10,vx,surface,all,5.669248e-02,387,150,1.190277e+01,2.099532e+02,global_range_vx
sim_Cc_060,10,vx,surface,excitation,9.069407e-02,387,30,1.904151e+01,2.099532e+02,global_range_vx
sim_Cc_060,10,vx,surface,peak,8.374529e-02,387,20,1.758259e+01,2.099532e+02,global_range_vx
sim_Cc_060,10,vx,surface,decay,4.752759e-02,387,53,9.978569e+00,2.099532e+02,global_range_vx
sim_Cc_060,10,vx,surface,quiescent,4.154174e-02,387,67,8.721820e+00,2.099532e+02,global_range_vx
sim_Cc_060,10,vy,all,all,3.030105e-02,11075,150,6.635771e+00,2.189948e+02,global_range_vy
sim_Cc_060,10,vy,all,excitation,3.995897e-02,11075,30,8.750806e+00,2.189948e+02,global_range_vy
sim_Cc_060,10,vy,all,peak,3.797233e-02,11075,20,8.315741e+00,2.189948e+02,global_range_vy
sim_Cc_060,10,vy,all,decay,2.839074e-02,11075,53,6.217424e+00,2.189948e+02,global_range_vy
sim_Cc_060,10,vy,all,quiescent,2.651433e-02,11075,67,5.806499e+00,2.189948e+02,global_range_vy
sim_Cc_060,10,vy,near,all,3.757331e-02,6283,150,8.228357e+00,2.189948e+02,global_range_vy
sim_Cc_060,10,vy,near,excitation,4.507000e-02,6283,30,9.870094e+00,2.189948e+02,global_range_vy
sim_Cc_060,10,vy,near,peak,4.357641e-02,6283,20,9.543006e+00,2.189948e+02,global_range_vy
sim_Cc_060,10,vy,near,decay,3.638300e-02,6283,53,7.967686e+00,2.189948e+02,global_range_vy
sim_Cc_060,10,vy,near,quiescent,3.469839e-02,6283,67,7.598766e+00,2.189948e+02,global_range_vy
sim_Cc_060,10,vy,wake,all,1.510651e-02,2234,150,3.308246e+00,2.189948e+02,global_range_vy
sim_Cc_060,10,vy,wake,excitation,2.846212e-02,2234,30,6.233056e+00,2.189948e+02,global_range_vy
sim_Cc_060,10,vy,wake,peak,2.355464e-02,2234,20,5.158343e+00,2.189948e+02,global_range_vy
sim_Cc_060,10,vy,wake,decay,1.147433e-02,2234,53,2.512817e+00,2.189948e+02,global_range_vy
sim_Cc_060,10,vy,wake,quiescent,6.635743e-03,2234,67,1.453193e+00,2.189948e+02,global_range_vy
sim_Cc_060,10,vy,far,all,1.755915e-02,2558,150,3.845362e+00,2.189948e+02,global_range_vy
sim_Cc_060,10,vy,far,excitation,3.487514e-02,2558,30,7.637474e+00,2.189948e+02,global_range_vy
sim_Cc_060,10,vy,far,peak,3.307734e-02,2558,20,7.243765e+00,2.189948e+02,global_range_vy
sim_Cc_060,10,vy,far,decay,1.111025e-02,2558,53,2.433086e+00,2.189948e+02,global_range_vy
sim_Cc_060,10,vy,far,quiescent,6.930480e-03,2558,67,1.517739e+00,2.189948e+02,global_range_vy
sim_Cc_060,10,vy,surface,all,5.019559e-02,387,150,1.099257e+01,2.189948e+02,global_range_vy
sim_Cc_060,10,vy,surface,excitation,5.638787e-02,387,30,1.234865e+01,2.189948e+02,global_range_vy
sim_Cc_060,10,vy,surface,peak,5.464451e-02,387,20,1.196686e+01,2.189948e+02,global_range_vy
sim_Cc_060,10,vy,surface,decay,4.935496e-02,387,53,1.080848e+01,2.189948e+02,global_range_vy
sim_Cc_060,10,vy,surface,quiescent,4.785683e-02,387,67,1.048039e+01,2.189948e+02,global_range_vy
sim_Cc_060,10,p,all,all,2.742459e-02,11075,150,6.007735e+02,2.190638e+04,global_range_p
sim_Cc_060,10,p,all,excitation,4.141273e-02,11075,30,9.072030e+02,2.190638e+04,global_range_p
sim_Cc_060,10,p,all,peak,4.427289e-02,11075,20,9.698589e+02,2.190638e+04,global_range_p
sim_Cc_060,10,p,all,decay,2.476083e-02,11075,53,5.424202e+02,2.190638e+04,global_range_p
sim_Cc_060,10,p,all,quiescent,2.075858e-02,11075,67,4.547454e+02,2.190638e+04,global_range_p
sim_Cc_060,10,p,near,all,3.461266e-02,6283,150,7.582382e+02,2.190638e+04,global_range_p
sim_Cc_060,10,p,near,excitation,5.130048e-02,6283,30,1.123808e+03,2.190638e+04,global_range_p
sim_Cc_060,10,p,near,peak,5.383287e-02,6283,20,1.179283e+03,2.190638e+04,global_range_p
sim_Cc_060,10,p,near,decay,3.107816e-02,6283,53,6.808100e+02,2.190638e+04,global_range_p
sim_Cc_060,10,p,near,quiescent,2.719831e-02,6283,67,5.958166e+02,2.190638e+04,global_range_p
sim_Cc_060,10,p,wake,all,1.224251e-02,2234,150,2.681890e+02,2.190638e+04,global_range_p
sim_Cc_060,10,p,wake,excitation,2.188383e-02,2234,30,4.793955e+02,2.190638e+04,global_range_p
sim_Cc_060,10,p,wake,peak,2.637654e-02,2234,20,5.778147e+02,2.190638e+04,global_range_p
sim_Cc_060,10,p,wake,decay,1.176005e-02,2234,53,2.576201e+02,2.190638e+04,global_range_p
sim_Cc_060,10,p,wake,quiescent,3.422832e-03,2234,67,7.498186e+01,2.190638e+04,global_range_p
sim_Cc_060,10,p,far,all,1.351893e-02,2558,150,2.961508e+02,2.190638e+04,global_range_p
sim_Cc_060,10,p,far,excitation,2.329983e-02,2558,30,5.104150e+02,2.190638e+04,global_range_p
sim_Cc_060,10,p,far,peak,2.757993e-02,2558,20,6.041764e+02,2.190638e+04,global_range_p
sim_Cc_060,10,p,far,decay,1.270124e-02,2558,53,2.782382e+02,2.190638e+04,global_range_p
sim_Cc_060,10,p,far,quiescent,6.202679e-03,2558,67,1.358783e+02,2.190638e+04,global_range_p
sim_Cc_060,10,p,surface,all,3.363847e-02,387,150,7.368972e+02,2.190638e+04,global_range_p
sim_Cc_060,10,p,surface,excitation,6.111577e-02,387,30,1.338826e+03,2.190638e+04,global_range_p
sim_Cc_060,10,p,surface,peak,6.411506e-02,387,20,1.404529e+03,2.190638e+04,global_range_p
sim_Cc_060,10,p,surface,decay,2.556770e-02,387,53,5.600958e+02,2.190638e+04,global_range_p
sim_Cc_060,10,p,surface,quiescent,1.854056e-02,387,67,4.061565e+02,2.190638e+04,global_range_p
sim_Cc_060,10,combined,all,all,1.584852e-02,11075,150,3.471838e+02,2.190638e+04,global_range_all_fields
sim_Cc_060,10,combined,all,excitation,2.392105e-02,11075,30,5.240236e+02,2.190638e+04,global_range_all_fields
sim_Cc_060,10,combined,all,peak,2.557131e-02,11075,20,5.601748e+02,2.190638e+04,global_range_all_fields
sim_Cc_060,10,combined,all,decay,1.431177e-02,11075,53,3.135191e+02,2.190638e+04,global_range_all_fields
sim_Cc_060,10,combined,all,quiescent,1.200376e-02,11075,67,2.629589e+02,2.190638e+04,global_range_all_fields
sim_Cc_060,10,combined,near,all,2.000205e-02,6283,150,4.381726e+02,2.190638e+04,global_range_all_fields
sim_Cc_060,10,combined,near,excitation,2.963248e-02,6283,30,6.491404e+02,2.190638e+04,global_range_all_fields
sim_Cc_060,10,combined,near,peak,3.109353e-02,6283,20,6.811469e+02,2.190638e+04,global_range_all_fields
sim_Cc_060,10,combined,near,decay,1.796301e-02,6283,53,3.935046e+02,2.190638e+04,global_range_all_fields
sim_Cc_060,10,combined,near,quiescent,1.572539e-02,6283,67,3.444865e+02,2.190638e+04,global_range_all_fields
sim_Cc_060,10,combined,wake,all,7.069256e-03,2234,150,1.548618e+02,2.190638e+04,global_range_all_fields
sim_Cc_060,10,combined,wake,excitation,1.263630e-02,2234,30,2.768157e+02,2.190638e+04,global_range_all_fields
sim_Cc_060,10,combined,wake,peak,1.522945e-02,2234,20,3.336222e+02,2.190638e+04,global_range_all_fields
sim_Cc_060,10,combined,wake,decay,6.790447e-03,2234,53,1.487541e+02,2.190638e+04,global_range_all_fields
sim_Cc_060,10,combined,wake,quiescent,1.977618e-03,2234,67,4.332245e+01,2.190638e+04,global_range_all_fields
sim_Cc_060,10,combined,far,all,7.819625e-03,2558,150,1.712997e+02,2.190638e+04,global_range_all_fields
sim_Cc_060,10,combined,far,excitation,1.346210e-02,2558,30,2.949059e+02,2.190638e+04,global_range_all_fields
sim_Cc_060,10,combined,far,peak,1.593148e-02,2558,20,3.490012e+02,2.190638e+04,global_range_all_fields
sim_Cc_060,10,combined,far,decay,7.347933e-03,2558,53,1.609666e+02,2.190638e+04,global_range_all_fields
sim_Cc_060,10,combined,far,quiescent,3.610836e-03,2558,67,7.910035e+01,2.190638e+04,global_range_all_fields
sim_Cc_060,10,combined,surface,all,1.942587e-02,387,150,4.255506e+02,2.190638e+04,global_range_all_fields
sim_Cc_060,10,combined,surface,excitation,3.529028e-02,387,30,7.730824e+02,2.190638e+04,global_range_all_fields
sim_Cc_060,10,combined,surface,peak,3.702109e-02,387,20,8.109981e+02,2.190638e+04,global_range_all_fields
sim_Cc_060,10,combined,surface,decay,1.476661e-02,387,53,3.234829e+02,2.190638e+04,global_range_all_fields
sim_Cc_060,10,combined,surface,quiescent,1.071042e-02,387,67,2.346267e+02,2.190638e+04,global_range_all_fields
sim_Cc_060,10,p_surface,surface,all,3.363847e-02,387,150,7.368972e+02,2.190638e+04,surface_p_range
sim_Cc_060,10,p_surface,surface,excitation,6.111577e-02,387,30,1.338826e+03,2.190638e+04,surface_p_range
sim_Cc_060,10,p_surface,surface,peak,6.411506e-02,387,20,1.404529e+03,2.190638e+04,surface_p_range
sim_Cc_060,10,p_surface,surface,decay,2.556770e-02,387,53,5.600958e+02,2.190638e+04,surface_p_range
sim_Cc_060,10,p_surface,surface,quiescent,1.854056e-02,387,67,4.061565e+02,2.190638e+04,surface_p_range
sim_Cc_060,10,vorticity,all,all,1.873954e+00,17989,150,3.464172e+04,1.848589e+04,fom_vorticity_rms
sim_Cc_060,10,vorticity,all,excitation,1.643344e+00,17989,30,3.565787e+04,2.169836e+04,fom_vorticity_rms
sim_Cc_060,10,vorticity,all,peak,1.642264e+00,17989,20,3.457702e+04,2.105448e+04,fom_vorticity_rms
sim_Cc_060,10,vorticity,all,decay,1.909996e+00,17989,53,3.484195e+04,1.824190e+04,fom_vorticity_rms
sim_Cc_060,10,vorticity,all,quiescent,1.993974e+00,17989,67,3.401554e+04,1.705917e+04,fom_vorticity_rms
sim_Cc_060,10,vorticity,near,all,1.872683e+00,8931,150,4.912997e+04,2.623506e+04,fom_vorticity_rms
sim_Cc_060,10,vorticity,near,excitation,1.642399e+00,8931,30,5.057583e+04,3.079388e+04,fom_vorticity_rms
sim_Cc_060,10,vorticity,near,peak,1.641276e+00,8931,20,4.904090e+04,2.987974e+04,fom_vorticity_rms
sim_Cc_060,10,vorticity,near,decay,1.908705e+00,8931,53,4.941427e+04,2.588889e+04,fom_vorticity_rms
sim_Cc_060,10,vorticity,near,quiescent,1.992512e+00,8931,67,4.823941e+04,2.421035e+04,fom_vorticity_rms
sim_Cc_060,10,vorticity,wake,all,2.061982e+00,4541,150,4.333462e+01,2.101601e+01,fom_vorticity_rms
sim_Cc_060,10,vorticity,wake,excitation,1.597961e+00,4541,30,4.814414e+01,3.012849e+01,fom_vorticity_rms
sim_Cc_060,10,vorticity,wake,peak,2.392833e+00,4541,20,4.150801e+01,1.734681e+01,fom_vorticity_rms
sim_Cc_060,10,vorticity,wake,decay,2.284912e+00,4541,53,4.348038e+01,1.902935e+01,fom_vorticity_rms
sim_Cc_060,10,vorticity,wake,quiescent,2.376193e+00,4541,67,4.087639e+01,1.720247e+01,fom_vorticity_rms
sim_Cc_060,10,vorticity,far,all,9.589430e+00,4517,150,2.595655e+03,2.706787e+02,fom_vorticity_rms
sim_Cc_060,10,vorticity,far,excitation,6.737179e+00,4517,30,2.488623e+03,3.693865e+02,fom_vorticity_rms
sim_Cc_060,10,vorticity,far,peak,6.006428e+00,4517,20,2.487770e+03,4.141846e+02,fom_vorticity_rms
sim_Cc_060,10,vorticity,far,decay,1.057007e+01,4517,53,2.598397e+03,2.458258e+02,fom_vorticity_rms
sim_Cc_060,10,vorticity,far,quiescent,1.124369e+01,4517,67,2.640041e+03,2.348021e+02,fom_vorticity_rms
