sim,d_s,field,region,component,rmse,nrmse_fullrange,nrmse_fluctrange,rel_to_fluct_rms,n_nodes
sim_A_025,1,vx,all,static,2.276130e+01,1.522696e-01,6.580142e-01,2.247975e+01,11075
sim_A_025,1,vx,all,dynamic,9.530237e-01,6.375581e-03,2.755129e-02,9.412352e-01,11075
sim_A_025,1,vx,near,static,2.909559e+01,1.946450e-01,8.411344e-01,2.239814e+01,6283
sim_A_025,1,vx,near,dynamic,1.201542e+00,8.038127e-03,3.473577e-02,9.249614e-01,6283
sim_A_025,1,vx,wake,static,1.468832e+00,9.826259e-03,4.246297e-02,5.132354e+00,2234
sim_A_025,1,vx,wake,dynamic,3.759626e-01,2.515132e-03,1.086883e-02,1.313679e+00,2234
sim_A_025,1,vx,far,static,1.272162e+01,8.510564e-02,3.677735e-01,2.697479e+01,2558
sim_A_025,1,vx,far,dynamic,5.126862e-01,3.429791e-03,1.482142e-02,1.087095e+00,2558
sim_A_025,1,vx,surface,static,6.220958e+00,4.161724e-02,1.798438e-01,5.002638e+00,387
sim_A_025,1,vx,surface,dynamic,1.327708e+00,8.882163e-03,3.838317e-02,1.067688e+00,387
sim_A_025,1,vy,all,static,4.392501e+00,3.151777e-02,9.631018e-02,3.887801e+00,11075
sim_A_025,1,vy,all,dynamic,6.454260e-01,4.631163e-03,1.415164e-02,5.712663e-01,11075
sim_A_025,1,vy,near,static,5.774952e+00,4.143735e-02,1.266218e-01,4.754821e+00,6283
sim_A_025,1,vy,near,dynamic,7.172941e-01,5.146842e-03,1.572742e-02,5.905859e-01,6283
sim_A_025,1,vy,wake,static,6.003180e-01,4.307496e-03,1.316260e-02,7.596131e-01,2234
sim_A_025,1,vy,wake,dynamic,4.777875e-01,3.428296e-03,1.047599e-02,6.045690e-01,2234
sim_A_025,1,vy,far,static,1.142372e+00,8.196931e-03,2.504771e-02,9.803218e-01,2558
sim_A_025,1,vy,far,dynamic,5.834953e-01,4.186787e-03,1.279374e-02,5.007238e-01,2558
sim_A_025,1,vy,surface,static,3.697753e+00,2.653270e-02,8.107709e-02,2.563055e+00,387
sim_A_025,1,vy,surface,dynamic,6.337855e-01,4.547638e-03,1.389641e-02,4.393012e-01,387
sim_A_025,1,p,all,static,4.339581e+02,4.091723e-02,8.450386e-02,3.445000e+00,11075
sim_A_025,1,p,all,dynamic,7.093252e+01,6.688116e-03,1.381256e-02,5.631017e-01,11075
sim_A_025,1,p,near,static,5.728586e+02,5.401395e-02,1.115517e-01,3.501985e+00,6283
sim_A_025,1,p,near,dynamic,8.906918e+01,8.398194e-03,1.734428e-02,5.444955e-01,6283
sim_A_025,1,p,wake,static,3.855440e+01,3.635234e-03,7.507628e-03,1.100668e+00,2234
sim_A_025,1,p,wake,dynamic,3.492133e+01,3.292678e-03,6.800167e-03,9.969493e-01,2234
sim_A_025,1,p,far,static,8.940332e+01,8.429699e-03,1.740934e-02,2.049091e+00,2558
sim_A_025,1,p,far,dynamic,3.511175e+01,3.310632e-03,6.837247e-03,8.047484e-01,2558
sim_A_025,1,p,surface,static,3.065982e+02,2.890866e-02,5.970330e-02,1.253174e+00,387
sim_A_025,1,p,surface,dynamic,1.154401e+02,1.088467e-02,2.247944e-02,4.718441e-01,387
sim_A_025,5,vx,all,static,2.459570e+01,1.645414e-01,7.110455e-01,2.429147e+01,11075
sim_A_025,5,vx,all,dynamic,1.130388e+00,7.562122e-03,3.267878e-02,1.116406e+00,11075
sim_A_025,5,vx,near,static,3.065368e+01,2.050684e-01,8.861777e-01,2.359758e+01,6283
sim_A_025,5,vx,near,dynamic,1.397222e+00,9.347201e-03,4.039277e-02,1.075599e+00,6283
sim_A_025,5,vx,wake,static,2.618265e+00,1.751579e-02,7.569231e-02,9.148672e+00,2234
sim_A_025,5,vx,wake,dynamic,4.209368e-01,2.816002e-03,1.216900e-02,1.470826e+00,2234
sim_A_025,5,vx,far,static,1.746975e+01,1.168699e-01,5.050388e-01,3.704268e+01,2558
sim_A_025,5,vx,far,dynamic,7.631275e-01,5.105205e-03,2.206151e-02,1.618128e+00,2558
sim_A_025,5,vx,surface,static,8.600555e+00,5.753638e-02,2.486364e-01,6.916212e+00,387
sim_A_025,5,vx,surface,dynamic,1.602337e+00,1.071939e-02,4.632251e-02,1.288533e+00,387
sim_A_025,5,vy,all,static,5.403240e+00,3.877018e-02,1.184717e-01,4.782405e+00,11075
sim_A_025,5,vy,all,dynamic,1.144516e+00,8.212312e-03,2.509471e-02,1.013011e+00,11075
sim_A_025,5,vy,near,static,6.797715e+00,4.877604e-02,1.490470e-01,5.596915e+00,6283
sim_A_025,5,vy,near,dynamic,1.193425e+00,8.563252e-03,2.616709e-02,9.826095e-01,6283
sim_A_025,5,vy,wake,static,1.954277e+00,1.402263e-02,4.284956e-02,2.472846e+00,2234
sim_A_025,5,vy,wake,dynamic,8.341681e-01,5.985455e-03,1.829001e-02,1.055516e+00,2234
sim_A_025,5,vy,far,static,3.093021e+00,2.219353e-02,6.781771e-02,2.654262e+00,2558
sim_A_025,5,vy,far,dynamic,1.251143e+00,8.977396e-03,2.743261e-02,1.073662e+00,2558
sim_A_025,5,vy,surface,static,6.156401e+00,4.417438e-02,1.349855e-01,4.267239e+00,387
sim_A_025,5,vy,surface,dynamic,1.441068e+00,1.034018e-02,3.159692e-02,9.988599e-01,387
sim_A_025,5,p,all,static,4.777030e+02,4.504187e-02,9.302222e-02,3.792272e+00,11075
sim_A_025,5,p,all,dynamic,1.245441e+02,1.174307e-02,2.425224e-02,9.887003e-01,11075
sim_A_025,5,p,near,static,6.146604e+02,5.795537e-02,1.196917e-01,3.757526e+00,6283
sim_A_025,5,p,near,dynamic,1.613112e+02,1.520978e-02,3.141183e-02,9.861233e-01,6283
sim_A_025,5,p,wake,static,1.132854e+02,1.068151e-02,2.205986e-02,3.234122e+00,2234
sim_A_025,5,p,wake,dynamic,3.653474e+01,3.444804e-03,7.114343e-03,1.043010e+00,2234
sim_A_025,5,p,far,static,2.209532e+02,2.083333e-02,4.302581e-02,5.064166e+00,2558
sim_A_025,5,p,far,dynamic,4.557523e+01,4.297217e-03,8.874780e-03,1.044567e+00,2558
sim_A_025,5,p,surface,static,3.751796e+02,3.537510e-02,7.305803e-02,1.533490e+00,387
sim_A_025,5,p,surface,dynamic,2.525175e+02,2.380948e-02,4.917226e-02,1.032127e+00,387
sim_A_025,10,vx,all,static,2.484666e+01,1.662203e-01,7.183006e-01,2.453932e+01,11075
sim_A_025,10,vx,all,dynamic,1.150620e+00,7.697467e-03,3.326365e-02,1.136387e+00,11075
sim_A_025,10,vx,near,static,3.100199e+01,2.073985e-01,8.962470e-01,2.386571e+01,6283
sim_A_025,10,vx,near,dynamic,1.459918e+00,9.766623e-03,4.220526e-02,1.123863e+00,6283
sim_A_025,10,vx,wake,static,2.551969e+00,1.707228e-02,7.377575e-02,8.917024e+00,2234
sim_A_025,10,vx,wake,dynamic,3.795106e-01,2.538867e-03,1.097140e-02,1.326076e+00,2234
sim_A_025,10,vx,far,static,1.750614e+01,1.171133e-01,5.060908e-01,3.711984e+01,2558
sim_A_025,10,vx,far,dynamic,6.092147e-01,4.075552e-03,1.761200e-02,1.291773e+00,2558
sim_A_025,10,vx,surface,static,8.821928e+00,5.901733e-02,2.550361e-01,7.094231e+00,387
sim_A_025,10,vx,surface,dynamic,2.025660e+00,1.355135e-02,5.856050e-02,1.628952e+00,387
sim_A_025,10,vy,all,static,5.905130e+00,4.237142e-02,1.294761e-01,5.226628e+00,11075
sim_A_025,10,vy,all,dynamic,1.047086e+00,7.513216e-03,2.295845e-02,9.267753e-01,11075
sim_A_025,10,vy,near,static,7.745963e+00,5.558006e-02,1.698383e-01,6.377658e+00,6283
sim_A_025,10,vy,near,dynamic,1.073792e+00,7.704840e-03,2.354400e-02,8.841091e-01,6283
sim_A_025,10,vy,wake,static,1.376528e+00,9.877079e-03,3.018181e-02,1.741791e+00,2234
sim_A_025,10,vy,wake,dynamic,7.908873e-01,5.674899e-03,1.734103e-02,1.000750e+00,2234
sim_A_025,10,vy,far,static,1.395124e+00,1.001052e-02,3.058956e-02,1.197220e+00,2558
sim_A_025,10,vy,far,dynamic,1.169834e+00,8.393981e-03,2.564984e-02,1.003888e+00,2558
sim_A_025,10,vy,surface,static,1.058342e+01,7.593982e-02,2.320525e-01,7.335776e+00,387
sim_A_025,10,vy,surface,dynamic,1.144123e+00,8.209490e-03,2.508608e-02,7.930356e-01,387
sim_A_025,10,p,all,static,4.710563e+02,4.441517e-02,9.172793e-02,3.739507e+00,11075
sim_A_025,10,p,all,dynamic,1.127197e+02,1.062816e-02,2.194969e-02,8.948312e-01,11075
sim_A_025,10,p,near,static,6.175520e+02,5.822802e-02,1.202548e-01,3.775203e+00,6283
sim_A_025,10,p,near,dynamic,1.454851e+02,1.371757e-02,2.833005e-02,8.893760e-01,6283
sim_A_025,10,p,wake,static,7.582532e+01,7.149451e-03,1.476533e-02,2.164694e+00,2234
sim_A_025,10,p,wake,dynamic,3.510485e+01,3.309981e-03,6.835902e-03,1.002188e+00,2234
sim_A_025,10,p,far,static,1.376694e+02,1.298063e-02,2.680811e-02,3.155332e+00,2558
sim_A_025,10,p,far,dynamic,4.411096e+01,4.159154e-03,8.589646e-03,1.011007e+00,2558
sim_A_025,10,p,surface,static,3.953579e+02,3.727768e-02,7.698731e-02,1.615966e+00,387
sim_A_025,10,p,surface,dynamic,2.137638e+02,2.015546e-02,4.162584e-02,8.737276e-01,387
sim_Cc_060,1,vx,all,static,2.268089e+01,1.080283e-01,1.415852e-01,4.663802e+00,11075
sim_Cc_060,1,vx,all,dynamic,4.124647e+00,1.964556e-02,2.574806e-02,8.481385e-01,11075
sim_Cc_060,1,vx,near,static,2.897522e+01,1.380080e-01,1.808774e-01,4.604804e+00,6283
sim_Cc_060,1,vx,near,dynamic,5.261668e+00,2.506115e-02,3.284589e-02,8.361953e-01,6283
sim_Cc_060,1,vx,wake,static,1.357482e+00,6.465642e-03,8.474065e-03,7.560038e-01,2234
sim_Cc_060,1,vx,wake,dynamic,1.758417e+00,8.375282e-03,1.097690e-02,9.792909e-01,2234
sim_Cc_060,1,vx,far,static,1.278527e+01,6.089581e-02,7.981187e-02,8.378757e+00,2558
sim_Cc_060,1,vx,far,dynamic,1.719418e+00,8.189528e-03,1.073344e-02,1.126811e+00,2558
sim_Cc_060,1,vx,surface,static,6.249534e+00,2.976632e-02,3.901263e-02,8.687069e-01,387
sim_Cc_060,1,vx,surface,dynamic,5.129021e+00,2.442935e-02,3.201784e-02,7.129517e-01,387
sim_Cc_060,1,vy,all,static,4.332153e+00,1.978199e-02,2.539230e-02,1.262636e+00,11075
sim_Cc_060,1,vy,all,dynamic,2.388104e+00,1.090484e-02,1.399753e-02,6.960293e-01,11075
sim_Cc_060,1,vy,near,static,5.684795e+00,2.595859e-02,3.332063e-02,1.615655e+00,6283
sim_Cc_060,1,vy,near,dynamic,2.512333e+00,1.147212e-02,1.472569e-02,7.140213e-01,6283
sim_Cc_060,1,vy,wake,static,6.542567e-01,2.987545e-03,3.834833e-03,2.160268e-01,2234
sim_Cc_060,1,vy,wake,dynamic,2.198468e+00,1.003891e-02,1.288601e-02,7.259048e-01,2234
sim_Cc_060,1,vy,far,static,1.226381e+00,5.600046e-03,7.188258e-03,3.462047e-01,2558
sim_Cc_060,1,vy,far,dynamic,2.228756e+00,1.017721e-02,1.306354e-02,6.291731e-01,2558
sim_Cc_060,1,vy,surface,static,3.697735e+00,1.688504e-02,2.167375e-02,8.926863e-01,387
sim_Cc_060,1,vy,surface,dynamic,3.037198e+00,1.386881e-02,1.780211e-02,7.332232e-01,387
sim_Cc_060,1,p,all,static,4.324653e+02,1.974152e-02,2.118723e-02,1.067387e+00,11075
sim_Cc_060,1,p,all,dynamic,2.990567e+02,1.365158e-02,1.465131e-02,7.381154e-01,11075
sim_Cc_060,1,p,near,static,5.707983e+02,2.605625e-02,2.796441e-02,1.170329e+00,6283
sim_Cc_060,1,p,near,dynamic,3.297540e+02,1.505287e-02,1.615522e-02,6.761070e-01,6283
sim_Cc_060,1,p,wake,static,4.082436e+01,1.863583e-03,2.000057e-03,1.589524e-01,2234
sim_Cc_060,1,p,wake,dynamic,2.572523e+02,1.174326e-02,1.260324e-02,1.001629e+00,2234
sim_Cc_060,1,p,far,static,8.957292e+01,4.088896e-03,4.388334e-03,3.413845e-01,2558
sim_Cc_060,1,p,far,dynamic,2.496673e+02,1.139701e-02,1.223164e-02,9.515436e-01,2558
sim_Cc_060,1,p,surface,static,3.063882e+02,1.398625e-02,1.501049e-02,4.325123e-01,387
sim_Cc_060,1,p,surface,dynamic,4.400732e+02,2.008881e-02,2.155995e-02,6.212284e-01,387
sim_Cc_060,5,vx,all,static,2.450240e+01,1.167041e-01,1.529559e-01,5.038352e+00,11075
sim_Cc_060,5,vx,all,dynamic,4.768690e+00,2.271311e-02,2.976849e-02,9.805710e-01,11075
sim_Cc_060,5,vx,near,static,3.050558e+01,1.452971e-01,1.904307e-01,4.848012e+00,6283
sim_Cc_060,5,vx,near,dynamic,6.148739e+00,2.928624e-02,3.838342e-02,9.771706e-01,6283
sim_Cc_060,5,vx,wake,static,2.717103e+00,1.294147e-02,1.696148e-02,1.513199e+00,2234
sim_Cc_060,5,vx,wake,dynamic,1.821253e+00,8.674568e-03,1.136915e-02,1.014285e+00,2234
sim_Cc_060,5,vx,far,static,1.752555e+01,8.347358e-02,1.094030e-01,1.148527e+01,2558
sim_Cc_060,5,vx,far,dynamic,1.642212e+00,7.821802e-03,1.025149e-02,1.076215e+00,2558
sim_Cc_060,5,vx,surface,static,8.513530e+00,4.054966e-02,5.314560e-02,1.183410e+00,387
sim_Cc_060,5,vx,surface,dynamic,6.597145e+00,3.142198e-02,4.118259e-02,9.170261e-01,387
sim_Cc_060,5,vy,all,static,5.328100e+00,2.432981e-02,3.122991e-02,1.552912e+00,11075
sim_Cc_060,5,vy,all,dynamic,3.406787e+00,1.555648e-02,1.996840e-02,9.929317e-01,11075
sim_Cc_060,5,vy,near,static,6.679946e+00,3.050277e-02,3.915356e-02,1.898483e+00,6283
sim_Cc_060,5,vy,near,dynamic,3.460423e+00,1.580140e-02,2.028278e-02,9.834743e-01,6283
sim_Cc_060,5,vy,wake,static,1.826143e+00,8.338751e-03,1.070368e-02,6.029680e-01,2234
sim_Cc_060,5,vy,wake,dynamic,3.039134e+00,1.387765e-02,1.781345e-02,1.003481e+00,2234
sim_Cc_060,5,vy,far,static,3.224489e+00,1.472405e-02,1.889989e-02,9.102664e-01,2558
sim_Cc_060,5,vy,far,dynamic,3.573682e+00,1.631857e-02,2.094664e-02,1.008843e+00,2558
sim_Cc_060,5,vy,surface,static,6.048763e+00,2.762058e-02,3.545397e-02,1.460258e+00,387
sim_Cc_060,5,vy,surface,dynamic,4.150603e+00,1.895298e-02,2.432817e-02,1.002015e+00,387
sim_Cc_060,5,p,all,static,4.752552e+02,2.169483e-02,2.328358e-02,1.172999e+00,11075
sim_Cc_060,5,p,all,dynamic,4.026853e+02,1.838210e-02,1.972826e-02,9.938858e-01,11075
sim_Cc_060,5,p,near,static,6.115095e+02,2.791467e-02,2.995892e-02,1.253801e+00,6283
sim_Cc_060,5,p,near,dynamic,4.839612e+02,2.209224e-02,2.371010e-02,9.922838e-01,6283
sim_Cc_060,5,p,wake,static,1.135849e+02,5.185014e-03,5.564723e-03,4.422505e-01,2234
sim_Cc_060,5,p,wake,dynamic,2.570582e+02,1.173440e-02,1.259373e-02,1.000874e+00,2234
sim_Cc_060,5,p,far,static,2.194347e+02,1.001693e-02,1.075049e-02,8.363195e-01,2558
sim_Cc_060,5,p,far,dynamic,2.627940e+02,1.199623e-02,1.287474e-02,1.001573e+00,2558
sim_Cc_060,5,p,surface,static,3.667122e+02,1.673997e-02,1.796587e-02,5.176684e-01,387
sim_Cc_060,5,p,surface,dynamic,7.220015e+02,3.295850e-02,3.537212e-02,1.019212e+00,387
sim_Cc_060,10,vx,all,static,2.475942e+01,1.179283e-01,1.545604e-01,5.091203e+00,11075
sim_Cc_060,10,vx,all,dynamic,4.893903e+00,2.330950e-02,3.055013e-02,1.006318e+00,11075
sim_Cc_060,10,vx,near,static,3.086435e+01,1.470059e-01,1.926703e-01,4.905027e+00,6283
sim_Cc_060,10,vx,near,dynamic,6.327950e+00,3.013981e-02,3.950214e-02,1.005651e+00,6283
sim_Cc_060,10,vx,wake,static,2.643469e+00,1.259075e-02,1.650182e-02,1.472191e+00,2234
sim_Cc_060,10,vx,wake,dynamic,1.810652e+00,8.624075e-03,1.130297e-02,1.008381e+00,2234
sim_Cc_060,10,vx,far,static,1.755644e+01,8.362073e-02,1.095958e-01,1.150552e+01,2558
sim_Cc_060,10,vx,far,dynamic,1.573770e+00,7.495812e-03,9.824236e-03,1.031361e+00,2558
sim_Cc_060,10,vx,surface,static,8.929829e+00,4.253248e-02,5.574434e-02,1.241277e+00,387
sim_Cc_060,10,vx,surface,dynamic,7.869817e+00,3.748367e-02,4.912723e-02,1.093932e+00,387
sim_Cc_060,10,vy,all,static,5.768691e+00,2.634168e-02,3.381237e-02,1.681325e+00,11075
sim_Cc_060,10,vy,all,dynamic,3.279583e+00,1.497563e-02,1.922282e-02,9.558573e-01,11075
sim_Cc_060,10,vy,near,static,7.559059e+00,3.451708e-02,4.430636e-02,2.148333e+00,6283
sim_Cc_060,10,vy,near,dynamic,3.250613e+00,1.484334e-02,1.905301e-02,9.238450e-01,6283
sim_Cc_060,10,vy,wake,static,1.332680e+00,6.085445e-03,7.811319e-03,4.400333e-01,2234
sim_Cc_060,10,vy,wake,dynamic,3.027945e+00,1.382657e-02,1.774787e-02,9.997872e-01,2234
sim_Cc_060,10,vy,far,static,1.476581e+00,6.742538e-03,8.654769e-03,4.168356e-01,2558
sim_Cc_060,10,vy,far,dynamic,3.550566e+00,1.621302e-02,2.081114e-02,1.002317e+00,2558
sim_Cc_060,10,vy,surface,static,1.028885e+01,4.698217e-02,6.030664e-02,2.483876e+00,387
sim_Cc_060,10,vy,surface,dynamic,3.869910e+00,1.767125e-02,2.268293e-02,9.342520e-01,387
sim_Cc_060,10,p,all,static,4.671813e+02,2.132626e-02,2.288803e-02,1.153071e+00,11075
sim_Cc_060,10,p,all,dynamic,3.777174e+02,1.724234e-02,1.850504e-02,9.322613e-01,11075
sim_Cc_060,10,p,near,static,6.123252e+02,2.795191e-02,2.999888e-02,1.255473e+00,6283
sim_Cc_060,10,p,near,dynamic,4.471947e+02,2.041390e-02,2.190885e-02,9.169001e-01,6283
sim_Cc_060,10,p,wake,static,7.712810e+01,3.520805e-03,3.778641e-03,3.003035e-01,2234
sim_Cc_060,10,p,wake,dynamic,2.568591e+02,1.172531e-02,1.258398e-02,1.000098e+00,2234
sim_Cc_060,10,p,far,static,1.372131e+02,6.263614e-03,6.722311e-03,5.229530e-01,2558
sim_Cc_060,10,p,far,dynamic,2.624459e+02,1.198034e-02,1.285768e-02,1.000246e+00,2558
sim_Cc_060,10,p,surface,static,3.667664e+02,1.674244e-02,1.796852e-02,5.177449e-01,387
sim_Cc_060,10,p,surface,dynamic,6.391400e+02,2.917597e-02,3.131259e-02,9.022407e-01,387
