t,W_gust,delta,l1_vx,l1_vy,l1_p,l1_vx_near,l1_p_surf,l1_combined,l5_vx,l5_vy,l5_p,l5_vx_near,l5_p_surf,l5_combined,l10_vx,l10_vy,l10_p,l10_vx_near,l10_p_surf,l10_combined
0.000000e+00,1.600000e-05,0.000000e+00,1.082118e-01,1.963035e-02,1.910789e-02,1.383434e-01,1.394917e-02,1.104877e-02,1.181899e-01,2.837517e-02,2.137212e-02,1.477063e-01,1.712820e-02,1.235761e-02,1.187788e-01,2.672527e-02,2.105927e-02,1.483164e-01,1.901816e-02,1.217731e-02
2.013275e-02,3.372734e-01,0.000000e+00,1.082105e-01,1.962667e-02,1.908706e-02,1.383413e-01,1.392672e-02,1.103675e-02,1.171096e-01,2.410151e-02,2.097420e-02,1.457445e-01,1.578785e-02,1.212758e-02,1.181811e-01,2.655591e-02,2.071948e-02,1.474530e-01,1.823751e-02,1.198124e-02
4.026550e-02,1.327821e+00,0.000000e+00,1.082154e-01,1.961539e-02,1.905893e-02,1.383459e-01,1.389352e-02,1.102054e-02,1.169700e-01,2.412030e-02,2.093793e-02,1.457808e-01,1.576726e-02,1.210664e-02,1.181131e-01,2.647920e-02,2.072553e-02,1.473783e-01,1.873987e-02,1.198470e-02
6.039825e-02,2.936573e+00,0.000000e+00,1.082163e-01,1.955184e-02,1.892856e-02,1.383417e-01,1.381194e-02,1.094538e-02,1.169102e-01,2.403460e-02,2.081074e-02,1.457053e-01,1.555965e-02,1.203329e-02,1.181156e-01,2.641812e-02,2.053105e-02,1.473786e-01,1.862863e-02,1.187259e-02
8.053101e-02,5.106522e+00,-2.954002e-02,1.082040e-01,1.938453e-02,1.860260e-02,1.383137e-01,1.362005e-02,1.075747e-02,1.168898e-01,2.386314e-02,2.051661e-02,1.456755e-01,1.560043e-02,1.186371e-02,1.180886e-01,2.627192e-02,2.027702e-02,1.473336e-01,1.919778e-02,1.172615e-02
1.006638e-01,7.760780e+00,-1.702519e-01,1.081716e-01,1.909600e-02,1.800191e-02,1.382528e-01,1.350278e-02,1.041121e-02,1.168189e-01,2.368885e-02,2.017395e-02,1.455774e-01,1.620351e-02,1.166616e-02,1.180564e-01,2.607006e-02,1.986622e-02,1.472778e-01,2.033978e-02,1.148934e-02
1.207965e-01,1.080527e+01,-4.221027e-01,1.081313e-01,1.881308e-02,1.717626e-02,1.381704e-01,1.423586e-02,9.935347e-03,1.167742e-01,2.372468e-02,1.997253e-02,1.455180e-01,1.914371e-02,1.155005e-02,1.180291e-01,2.602583e-02,1.961762e-02,1.472248e-01,2.335678e-02,1.134605e-02
1.409293e-01,1.413211e+01,-7.761696e-01,1.081138e-01,1.874898e-02,1.639233e-02,1.381056e-01,1.644614e-02,9.483622e-03,1.167532e-01,2.448155e-02,2.057528e-02,1.454988e-01,2.498495e-02,1.189754e-02,1.180744e-01,2.644989e-02,1.997420e-02,1.472716e-01,2.846118e-02,1.155161e-02
1.610620e-01,1.762342e+01,-1.219905e+00,1.081928e-01,1.896780e-02,1.594253e-02,1.381645e-01,1.911659e-02,9.224520e-03,1.168366e-01,2.588598e-02,2.191458e-02,1.456350e-01,3.193563e-02,1.266977e-02,1.182046e-01,2.739185e-02,2.109967e-02,1.474433e-01,3.430318e-02,1.220047e-02
1.811948e-01,2.115547e+01,-1.737586e+00,1.084181e-01,1.934547e-02,1.583809e-02,1.384305e-01,2.130891e-02,9.164466e-03,1.169608e-01,2.752638e-02,2.367563e-02,1.458416e-01,3.816230e-02,1.368536e-02,1.183986e-01,2.851711e-02,2.259826e-02,1.477265e-01,3.950703e-02,1.306459e-02
2.013275e-01,2.460309e+01,-2.310866e+00,1.088258e-01,1.971120e-02,1.598836e-02,1.389548e-01,2.256441e-02,9.251203e-03,1.171181e-01,2.885758e-02,2.526104e-02,1.461015e-01,4.286890e-02,1.459981e-02,1.185847e-01,2.941259e-02,2.408338e-02,1.480139e-01,4.347687e-02,1.392105e-02
2.214603e-01,2.784411e+01,-2.919431e+00,1.093342e-01,1.999737e-02,1.637239e-02,1.396263e-01,2.284264e-02,9.472646e-03,1.171863e-01,2.961443e-02,2.652659e-02,1.462363e-01,4.568082e-02,1.532981e-02,1.186721e-01,2.978398e-02,2.532313e-02,1.481716e-01,4.591964e-02,1.463607e-02
2.415930e-01,3.076368e+01,-3.541714e+00,1.097079e-01,2.017249e-02,1.707063e-02,1.401312e-01,2.231692e-02,9.875097e-03,1.171559e-01,2.960615e-02,2.733483e-02,1.462239e-01,4.644836e-02,1.579601e-02,1.186191e-01,2.948199e-02,2.627611e-02,1.481277e-01,4.675056e-02,1.518566e-02
2.617258e-01,3.325834e+01,-4.155662e+00,1.097797e-01,2.022508e-02,1.823513e-02,1.402387e-01,2.116936e-02,1.054621e-02,1.169970e-01,2.884615e-02,2.787956e-02,1.460163e-01,4.524735e-02,1.611015e-02,1.184232e-01,2.848033e-02,2.705623e-02,1.478805e-01,4.601404e-02,1.563552e-02
2.818585e-01,3.523968e+01,-4.739522e+00,1.096204e-01,2.017706e-02,2.004365e-02,1.400363e-01,1.978894e-02,1.158868e-02,1.167777e-01,2.744692e-02,2.841190e-02,1.457047e-01,4.242453e-02,1.641711e-02,1.181467e-01,2.692274e-02,2.791179e-02,1.475034e-01,4.395231e-02,1.612888e-02
3.019913e-01,3.663750e+01,-5.272601e+00,1.094961e-01,2.017643e-02,2.259653e-02,1.398724e-01,1.894315e-02,1.306069e-02,1.165861e-01,2.575530e-02,2.933140e-02,1.454084e-01,3.868527e-02,1.694743e-02,1.179014e-01,2.506148e-02,2.913554e-02,1.471511e-01,4.100643e-02,1.683468e-02
3.221240e-01,3.740226e+01,-5.736010e+00,1.096619e-01,2.038756e-02,2.584081e-02,1.400818e-01,1.963522e-02,1.493200e-02,1.165342e-01,2.427330e-02,3.093933e-02,1.452834e-01,3.513389e-02,1.787502e-02,1.177958e-01,2.337843e-02,3.096229e-02,1.469766e-01,3.788375e-02,1.788847e-02
3.422568e-01,3.750686e+01,-6.113328e+00,1.101848e-01,2.099259e-02,2.958201e-02,1.407573e-01,2.245933e-02,1.709049e-02,1.167014e-01,2.365553e-02,3.341034e-02,1.454381e-01,3.343627e-02,1.930076e-02,1.179328e-01,2.251102e-02,3.349749e-02,1.471144e-01,3.564077e-02,1.935123e-02
3.623895e-01,3.694758e+01,-6.391180e+00,1.109793e-01,2.213456e-02,3.355126e-02,1.417755e-01,2.719075e-02,1.938098e-02,1.171818e-01,2.451487e-02,3.673094e-02,1.459967e-01,3.543684e-02,2.121700e-02,1.184087e-01,2.310701e-02,3.669638e-02,1.476917e-01,3.561132e-02,2.119721e-02
3.825223e-01,3.574425e+01,-6.559722e+00,1.119919e-01,2.381504e-02,3.749587e-02,1.430662e-01,3.323621e-02,2.165755e-02,1.180547e-01,2.703397e-02,4.079826e-02,1.470646e-01,4.200668e-02,2.356446e-02,1.193169e-01,2.542330e-02,4.045095e-02,1.488350e-01,3.897049e-02,2.336416e-02
4.026550e-01,3.393952e+01,-6.612983e+00,1.130245e-01,2.590179e-02,4.119758e-02,1.443583e-01,4.001695e-02,2.379413e-02,1.193331e-01,3.091627e-02,4.546421e-02,1.486561e-01,5.251434e-02,2.625768e-02,1.206985e-01,2.912088e-02,4.461873e-02,1.505972e-01,4.587300e-02,2.576984e-02
4.227878e-01,3.159734e+01,-6.549076e+00,1.140321e-01,2.823885e-02,4.445355e-02,1.455752e-01,4.698531e-02,2.567354e-02,1.209878e-01,3.565517e-02,5.051749e-02,1.507187e-01,6.567844e-02,2.917470e-02,1.225505e-01,3.368425e-02,4.900066e-02,1.529622e-01,5.547388e-02,2.829934e-02
4.429205e-01,2.880070e+01,-6.370261e+00,1.149130e-01,3.066181e-02,4.713455e-02,1.465796e-01,5.376304e-02,2.722115e-02,1.229331e-01,4.077613e-02,5.575417e-02,1.531332e-01,8.034966e-02,3.219773e-02,1.247978e-01,3.865004e-02,5.343198e-02,1.558247e-01,6.677920e-02,3.085750e-02
4.630533e-01,2.564871e+01,-6.082878e+00,1.158262e-01,3.308010e-02,4.916052e-02,1.476076e-01,5.993296e-02,2.839072e-02,1.250758e-01,4.590461e-02,6.093845e-02,1.557948e-01,9.547448e-02,3.519063e-02,1.272998e-01,4.372850e-02,5.774022e-02,1.590186e-01,7.881238e-02,3.334473e-02
4.831860e-01,2.225307e+01,-5.697110e+00,1.169756e-01,3.551224e-02,5.038089e-02,1.489092e-01,6.499689e-02,2.909535e-02,1.273062e-01,5.073044e-02,6.561320e-02,1.585502e-01,1.096746e-01,3.788948e-02,1.298451e-01,4.864798e-02,6.154752e-02,1.622449e-01,9.033245e-02,3.554285e-02
5.033188e-01,1.873411e+01,-5.226630e+00,1.182624e-01,3.770917e-02,5.050267e-02,1.503442e-01,6.832648e-02,2.916589e-02,1.296807e-01,5.486680e-02,6.893971e-02,1.615000e-01,1.209795e-01,3.981009e-02,1.323926e-01,5.294409e-02,6.411996e-02,1.654593e-01,9.959194e-02,3.702819e-02
5.234515e-01,1.521653e+01,-4.688109e+00,1.191785e-01,3.969656e-02,4.945568e-02,1.512766e-01,6.971848e-02,2.856178e-02,1.328426e-01,5.813367e-02,7.015611e-02,1.656127e-01,1.276168e-01,4.051271e-02,1.356909e-01,5.643550e-02,6.478314e-02,1.697844e-01,1.049629e-01,3.741152e-02
5.435843e-01,1.182497e+01,-4.100626e+00,1.232147e-01,4.263931e-02,4.765953e-02,1.566109e-01,6.940380e-02,2.752579e-02,1.447297e-01,6.109701e-02,6.769547e-02,1.820351e-01,1.254479e-01,3.909379e-02,1.471162e-01,5.960843e-02,6.221931e-02,1.855375e-01,1.029772e-01,3.593321e-02
5.637170e-01,8.679647e+00,-3.485007e+00,1.282598e-01,4.385135e-02,4.305730e-02,1.635237e-01,6.493446e-02,2.487056e-02,1.525560e-01,6.164047e-02,5.759112e-02,1.927541e-01,1.060095e-01,3.326286e-02,1.550491e-01,6.090356e-02,5.298478e-02,1.963746e-01,8.771575e-02,3.060483e-02
5.838498e-01,5.891990e+00,-2.863063e+00,1.304593e-01,4.438214e-02,3.824064e-02,1.663727e-01,6.037104e-02,2.209153e-02,1.484952e-01,6.011310e-02,4.893400e-02,1.868246e-01,8.873744e-02,2.826613e-02,1.508475e-01,5.966949e-02,4.506698e-02,1.903447e-01,7.447248e-02,2.603509e-02
6.039826e-01,3.560797e+00,-2.256834e+00,1.281114e-01,4.540315e-02,3.648991e-02,1.627144e-01,5.890126e-02,2.108101e-02,1.414185e-01,5.878646e-02,4.695301e-02,1.766480e-01,8.417196e-02,2.712175e-02,1.434396e-01,5.829763e-02,4.326388e-02,1.797887e-01,7.109051e-02,2.499328e-02
6.241153e-01,1.768685e+00,-1.687804e+00,1.247917e-01,4.486829e-02,3.756531e-02,1.580761e-01,6.014512e-02,2.170088e-02,1.368664e-01,5.687203e-02,4.862452e-02,1.703118e-01,8.676616e-02,2.808551e-02,1.385993e-01,5.637537e-02,4.508622e-02,1.730496e-01,7.314946e-02,2.604387e-02
6.442481e-01,5.791600e-01,-1.176139e+00,1.215794e-01,4.211040e-02,3.789097e-02,1.540467e-01,5.817688e-02,2.188805e-02,1.336851e-01,5.409078e-02,4.974139e-02,1.662045e-01,8.772598e-02,2.872942e-02,1.351638e-01,5.368719e-02,4.650287e-02,1.685540e-01,7.421424e-02,2.686065e-02
6.643808e-01,3.437483e-02,-7.399700e-01,1.189606e-01,3.872511e-02,3.737663e-02,1.509809e-01,5.369837e-02,2.159060e-02,1.309922e-01,5.078732e-02,4.906907e-02,1.628637e-01,8.494660e-02,2.834083e-02,1.323694e-01,5.046741e-02,4.599692e-02,1.650345e-01,7.117707e-02,2.656803e-02
6.845136e-01,0.000000e+00,-3.947502e-01,1.153186e-01,3.484335e-02,3.652529e-02,1.464572e-01,4.790323e-02,2.109850e-02,1.268566e-01,4.698980e-02,4.739500e-02,1.574736e-01,7.936790e-02,2.737386e-02,1.285090e-01,4.691743e-02,4.433264e-02,1.599981e-01,6.521446e-02,2.560677e-02
7.046463e-01,0.000000e+00,-1.527173e-01,1.145572e-01,3.168519e-02,3.601602e-02,1.458561e-01,4.217348e-02,2.080432e-02,1.251334e-01,4.360772e-02,4.584320e-02,1.554913e-01,7.491007e-02,2.647783e-02,1.270902e-01,4.404148e-02,4.289457e-02,1.584158e-01,5.969281e-02,2.477648e-02
7.247791e-01,0.000000e+00,-2.244539e-02,1.144539e-01,2.869226e-02,3.452894e-02,1.460580e-01,3.592500e-02,1.994604e-02,1.239701e-01,3.916571e-02,4.194600e-02,1.542600e-01,6.446710e-02,2.422830e-02,1.258001e-01,3.992245e-02,3.948628e-02,1.569468e-01,5.062283e-02,2.280920e-02
7.449118e-01,0.000000e+00,0.000000e+00,1.131056e-01,2.608150e-02,3.219037e-02,1.444219e-01,3.029934e-02,1.859626e-02,1.222188e-01,3.451487e-02,3.727056e-02,1.521343e-01,5.128542e-02,2.152971e-02,1.237870e-01,3.570210e-02,3.552157e-02,1.543947e-01,4.065515e-02,2.052086e-02
7.650446e-01,0.000000e+00,0.000000e+00,1.114941e-01,2.402278e-02,2.974385e-02,1.423594e-01,2.530608e-02,1.718426e-02,1.204932e-01,3.079830e-02,3.339779e-02,1.499737e-01,4.000258e-02,1.929457e-02,1.218143e-01,3.243056e-02,3.226038e-02,1.518542e-01,3.318609e-02,1.863867e-02
7.851773e-01,0.000000e+00,0.000000e+00,1.103151e-01,2.252802e-02,2.784448e-02,1.408780e-01,2.242597e-02,1.608813e-02,1.190880e-01,2.838691e-02,3.078770e-02,1.482182e-01,3.241500e-02,1.778825e-02,1.203006e-01,3.036403e-02,3.003053e-02,1.499252e-01,2.920977e-02,1.735179e-02
8.053101e-01,0.000000e+00,0.000000e+00,1.096512e-01,2.179979e-02,2.660507e-02,1.400757e-01,2.114627e-02,1.537294e-02,1.184012e-01,2.708322e-02,2.929195e-02,1.474208e-01,2.862391e-02,1.692512e-02,1.196210e-01,2.930704e-02,2.869338e-02,1.491338e-01,2.743936e-02,1.658021e-02
8.254428e-01,0.000000e+00,0.000000e+00,1.092996e-01,2.148707e-02,2.577211e-02,1.396557e-01,2.051593e-02,1.489234e-02,1.180347e-01,2.634899e-02,2.831872e-02,1.470195e-01,2.668972e-02,1.636356e-02,1.192497e-01,2.872175e-02,2.777818e-02,1.487259e-01,2.642424e-02,1.605216e-02
8.455756e-01,0.000000e+00,0.000000e+00,1.090779e-01,2.118749e-02,2.517251e-02,1.393801e-01,2.023166e-02,1.454640e-02,1.177664e-01,2.590789e-02,2.746422e-02,1.467154e-01,2.524315e-02,1.587057e-02,1.189591e-01,2.828347e-02,2.693322e-02,1.483896e-01,2.533853e-02,1.556468e-02
8.657083e-01,0.000000e+00,0.000000e+00,1.087968e-01,2.077228e-02,2.468504e-02,1.390387e-01,2.026628e-02,1.426513e-02,1.175534e-01,2.552947e-02,2.655367e-02,1.464651e-01,2.370185e-02,1.534527e-02,1.187396e-01,2.787013e-02,2.605945e-02,1.481262e-01,2.427456e-02,1.506063e-02
8.858411e-01,0.000000e+00,0.000000e+00,1.086472e-01,2.052671e-02,2.411019e-02,1.388646e-01,1.995109e-02,1.393350e-02,1.174344e-01,2.520419e-02,2.569795e-02,1.463339e-01,2.228894e-02,1.485166e-02,1.186414e-01,2.754253e-02,2.527961e-02,1.480196e-01,2.353673e-02,1.461081e-02
9.059738e-01,0.000000e+00,0.000000e+00,1.086128e-01,2.042086e-02,2.340987e-02,1.388297e-01,1.894594e-02,1.352956e-02,1.173833e-01,2.496811e-02,2.502270e-02,1.462901e-01,2.121308e-02,1.446217e-02,1.185976e-01,2.732877e-02,2.468070e-02,1.479817e-01,2.313098e-02,1.426538e-02
9.261066e-01,0.000000e+00,0.000000e+00,1.085836e-01,2.028053e-02,2.287503e-02,1.387931e-01,1.800895e-02,1.322108e-02,1.173255e-01,2.473661e-02,2.461347e-02,1.462312e-01,2.046967e-02,1.422613e-02,1.184770e-01,2.710409e-02,2.429842e-02,1.478307e-01,2.300650e-02,1.404488e-02
9.462393e-01,0.000000e+00,0.000000e+00,1.085061e-01,2.004147e-02,2.286973e-02,1.386967e-01,1.788317e-02,1.321799e-02,1.171876e-01,2.449102e-02,2.476842e-02,1.460511e-01,2.058831e-02,1.431545e-02,1.183332e-01,2.686649e-02,2.443061e-02,1.476395e-01,2.361584e-02,1.412106e-02
9.663721e-01,0.000000e+00,0.000000e+00,1.084031e-01,1.986737e-02,2.360975e-02,1.385756e-01,1.877170e-02,1.364477e-02,1.170631e-01,2.433464e-02,2.572423e-02,1.458868e-01,2.208394e-02,1.486667e-02,1.182580e-01,2.673488e-02,2.530971e-02,1.475436e-01,2.504060e-02,1.462802e-02
9.865048e-01,0.000000e+00,0.000000e+00,1.083814e-01,1.988572e-02,2.473301e-02,1.385540e-01,2.021023e-02,1.429266e-02,1.170298e-01,2.430514e-02,2.697262e-02,1.458470e-01,2.400185e-02,1.558674e-02,1.182552e-01,2.672485e-02,2.647510e-02,1.475488e-01,2.658401e-02,1.530018e-02
1.006638e+00,0.000000e+00,0.000000e+00,1.084088e-01,1.992103e-02,2.562123e-02,1.385850e-01,2.164065e-02,1.480503e-02,1.170189e-01,2.430201e-02,2.775385e-02,1.458378e-01,2.510097e-02,1.603738e-02,1.182531e-01,2.672462e-02,2.722265e-02,1.475538e-01,2.754626e-02,1.573137e-02
1.026770e+00,0.000000e+00,0.000000e+00,1.083811e-01,1.986754e-02,2.576074e-02,1.385466e-01,2.232205e-02,1.488550e-02,1.170021e-01,2.429916e-02,2.766047e-02,1.458189e-01,2.495591e-02,1.598351e-02,1.182196e-01,2.671691e-02,2.714778e-02,1.475109e-01,2.750158e-02,1.568818e-02
1.046903e+00,0.000000e+00,0.000000e+00,1.083274e-01,1.982440e-02,2.490534e-02,1.384838e-01,2.151698e-02,1.439205e-02,1.169902e-01,2.432412e-02,2.665777e-02,1.458069e-01,2.351525e-02,1.540512e-02,1.181882e-01,2.672929e-02,2.621939e-02,1.474708e-01,2.641574e-02,1.515268e-02
1.067036e+00,0.000000e+00,0.000000e+00,1.082934e-01,1.982201e-02,2.330752e-02,1.384456e-01,1.951559e-02,1.347043e-02,1.170079e-01,2.433559e-02,2.501503e-02,1.458362e-01,2.114109e-02,1.445762e-02,1.182050e-01,2.673219e-02,2.466954e-02,1.474976e-01,2.451211e-02,1.425881e-02
1.087169e+00,0.000000e+00,0.000000e+00,1.082996e-01,1.983092e-02,2.147819e-02,1.384507e-01,1.695561e-02,1.241544e-02,1.170359e-01,2.427542e-02,2.324232e-02,1.458803e-01,1.865779e-02,1.343531e-02,1.182152e-01,2.666892e-02,2.295607e-02,1.475133e-01,2.230499e-02,1.327072e-02
1.107301e+00,0.000000e+00,0.000000e+00,1.083031e-01,1.977610e-02,1.998345e-02,1.384510e-01,1.463732e-02,1.155357e-02,1.170185e-01,2.418585e-02,2.192056e-02,1.458578e-01,1.688718e-02,1.267316e-02,1.181872e-01,2.658399e-02,2.165623e-02,1.474740e-01,2.051919e-02,1.252126e-02
1.127434e+00,0.000000e+00,0.000000e+00,1.082729e-01,1.969422e-02,1.921575e-02,1.384145e-01,1.362773e-02,1.111096e-02,1.169709e-01,2.412934e-02,2.126323e-02,1.457930e-01,1.604299e-02,1.229417e-02,1.181500e-01,2.653317e-02,2.099178e-02,1.474233e-01,1.940387e-02,1.213820e-02
1.147567e+00,0.000000e+00,0.000000e+00,1.082507e-01,1.965122e-02,1.900465e-02,1.383919e-01,1.372159e-02,1.098926e-02,1.169357e-01,2.410126e-02,2.103529e-02,1.457452e-01,1.574985e-02,1.216275e-02,1.181357e-01,2.650121e-02,2.074164e-02,1.474060e-01,1.878111e-02,1.199400e-02
1.167700e+00,0.000000e+00,0.000000e+00,1.082540e-01,1.965018e-02,1.900154e-02,1.383983e-01,1.400712e-02,1.098747e-02,1.169269e-01,2.408642e-02,2.098602e-02,1.457331e-01,1.567499e-02,1.213434e-02,1.181491e-01,2.648807e-02,2.067039e-02,1.474261e-01,1.846170e-02,1.195293e-02
1.187832e+00,0.000000e+00,0.000000e+00,1.082845e-01,1.968151e-02,1.906264e-02,1.384343e-01,1.413641e-02,1.102270e-02,1.169338e-01,2.410951e-02,2.102068e-02,1.457426e-01,1.571295e-02,1.215433e-02,1.181576e-01,2.652049e-02,2.069585e-02,1.474389e-01,1.834245e-02,1.196761e-02
1.207965e+00,0.000000e+00,0.000000e+00,1.082990e-01,1.970201e-02,1.913475e-02,1.384519e-01,1.406338e-02,1.106428e-02,1.169342e-01,2.416249e-02,2.107969e-02,1.457441e-01,1.578368e-02,1.218835e-02,1.181434e-01,2.657010e-02,2.077139e-02,1.474206e-01,1.836004e-02,1.201115e-02
1.228098e+00,0.000000e+00,0.000000e+00,1.082571e-01,1.968429e-02,1.916434e-02,1.384011e-01,1.386762e-02,1.108132e-02,1.169342e-01,2.418991e-02,2.109959e-02,1.457454e-01,1.583011e-02,1.219982e-02,1.181324e-01,2.658608e-02,2.082691e-02,1.474064e-01,1.845141e-02,1.204315e-02
1.248231e+00,0.000000e+00,0.000000e+00,1.082295e-01,1.967976e-02,1.915761e-02,1.383664e-01,1.375079e-02,1.107743e-02,1.169477e-01,2.417793e-02,2.107796e-02,1.457661e-01,1.586019e-02,1.218736e-02,1.181415e-01,2.657197e-02,2.084310e-02,1.474190e-01,1.859669e-02,1.205249e-02
1.268363e+00,0.000000e+00,0.000000e+00,1.082347e-01,1.968876e-02,1.914402e-02,1.383712e-01,1.376502e-02,1.106960e-02,1.169599e-01,2.415366e-02,2.105763e-02,1.457844e-01,1.587587e-02,1.217564e-02,1.181501e-01,2.655445e-02,2.084693e-02,1.474305e-01,1.873256e-02,1.205470e-02
1.288496e+00,0.000000e+00,0.000000e+00,1.082378e-01,1.967361e-02,1.911461e-02,1.383730e-01,1.385698e-02,1.105265e-02,1.169574e-01,2.412578e-02,2.103183e-02,1.457809e-01,1.584490e-02,1.216076e-02,1.181388e-01,2.652631e-02,2.082349e-02,1.474146e-01,1.877661e-02,1.204118e-02
1.308629e+00,0.000000e+00,0.000000e+00,1.082280e-01,1.962814e-02,1.906621e-02,1.383617e-01,1.398013e-02,1.102474e-02,1.169359e-01,2.408434e-02,2.099045e-02,1.457518e-01,1.576786e-02,1.213690e-02,1.181207e-01,2.648045e-02,2.076320e-02,1.473903e-01,1.871879e-02,1.200642e-02
1.328762e+00,0.000000e+00,0.000000e+00,1.082164e-01,1.959729e-02,1.903934e-02,1.383494e-01,1.413017e-02,1.100925e-02,1.169152e-01,2.405865e-02,2.097007e-02,1.457222e-01,1.571976e-02,1.212514e-02,1.181178e-01,2.645631e-02,2.070920e-02,1.473855e-01,1.860326e-02,1.197528e-02
1.348894e+00,0.000000e+00,0.000000e+00,1.082309e-01,1.962122e-02,1.906097e-02,1.383692e-01,1.424477e-02,1.102172e-02,1.169148e-01,2.407543e-02,2.099299e-02,1.457210e-01,1.572850e-02,1.213836e-02,1.181284e-01,2.647908e-02,2.070303e-02,1.474010e-01,1.848597e-02,1.197174e-02
1.369027e+00,0.000000e+00,0.000000e+00,1.082538e-01,1.965422e-02,1.909225e-02,1.383977e-01,1.419511e-02,1.103976e-02,1.169194e-01,2.411065e-02,2.102648e-02,1.457270e-01,1.574253e-02,1.215767e-02,1.181329e-01,2.651396e-02,2.072826e-02,1.474078e-01,1.841997e-02,1.198628e-02
1.389160e+00,0.000000e+00,0.000000e+00,1.082482e-01,1.965336e-02,1.910720e-02,1.383897e-01,1.402017e-02,1.104838e-02,1.169226e-01,2.413486e-02,2.104524e-02,1.457309e-01,1.575844e-02,1.216849e-02,1.181284e-01,2.653362e-02,2.075660e-02,1.474017e-01,1.842506e-02,1.200262e-02
1.409293e+00,0.000000e+00,0.000000e+00,1.082280e-01,1.965012e-02,1.912379e-02,1.383651e-01,1.388369e-02,1.105793e-02,1.169255e-01,2.415115e-02,2.105793e-02,1.457360e-01,1.580140e-02,1.217580e-02,1.181247e-01,2.654924e-02,2.079201e-02,1.473972e-01,1.850775e-02,1.202303e-02
1.429425e+00,0.000000e+00,0.000000e+00,1.082203e-01,1.966127e-02,1.913788e-02,1.383555e-01,1.382576e-02,1.106606e-02,1.169358e-01,2.415991e-02,2.106510e-02,1.457512e-01,1.584394e-02,1.217994e-02,1.181317e-01,2.655863e-02,2.082533e-02,1.474068e-01,1.861869e-02,1.204224e-02
1.449558e+00,0.000000e+00,0.000000e+00,1.082228e-01,1.966540e-02,1.912341e-02,1.383568e-01,1.381523e-02,1.105772e-02,1.169460e-01,2.414384e-02,2.104597e-02,1.457658e-01,1.583792e-02,1.216891e-02,1.181354e-01,2.654156e-02,2.082319e-02,1.474116e-01,1.869151e-02,1.204101e-02
1.469691e+00,0.000000e+00,0.000000e+00,1.082220e-01,1.964312e-02,1.908429e-02,1.383543e-01,1.386333e-02,1.103516e-02,1.169404e-01,2.410769e-02,2.100857e-02,1.457582e-01,1.579370e-02,1.214735e-02,1.181272e-01,2.650522e-02,2.078588e-02,1.473995e-01,1.871235e-02,1.201949e-02
1.489824e+00,0.000000e+00,0.000000e+00,1.082139e-01,1.961637e-02,1.906229e-02,1.383445e-01,1.398836e-02,1.102248e-02,1.169246e-01,2.408509e-02,2.099383e-02,1.457355e-01,1.576267e-02,1.213885e-02,1.181176e-01,2.648344e-02,2.075218e-02,1.473857e-01,1.867512e-02,1.200006e-02
1.509956e+00,0.000000e+00,0.000000e+00,1.082144e-01,1.961236e-02,1.906074e-02,1.383471e-01,1.410996e-02,1.102158e-02,1.169166e-01,2.408239e-02,2.099445e-02,1.457240e-01,1.574211e-02,1.213920e-02,1.181183e-01,2.648193e-02,2.072987e-02,1.473873e-01,1.858255e-02,1.198721e-02
1.530089e+00,0.000000e+00,0.000000e+00,1.082224e-01,1.962228e-02,1.906625e-02,1.383579e-01,1.414158e-02,1.102476e-02,1.169155e-01,2.409002e-02,2.100252e-02,1.457219e-01,1.573006e-02,1.214385e-02,1.181238e-01,2.648960e-02,2.071986e-02,1.473949e-01,1.849541e-02,1.198143e-02
1.550222e+00,0.000000e+00,0.000000e+00,1.082307e-01,1.963361e-02,1.907928e-02,1.383679e-01,1.408817e-02,1.103228e-02,1.169184e-01,2.410605e-02,2.101848e-02,1.457254e-01,1.573906e-02,1.215305e-02,1.181265e-01,2.650663e-02,2.072914e-02,1.473986e-01,1.845361e-02,1.198679e-02
1.570355e+00,0.000000e+00,0.000000e+00,1.082313e-01,1.964364e-02,1.910404e-02,1.383685e-01,1.400044e-02,1.104655e-02,1.169211e-01,2.413110e-02,2.104292e-02,1.457289e-01,1.577239e-02,1.216715e-02,1.181241e-01,2.653141e-02,2.076190e-02,1.473953e-01,1.847342e-02,1.200567e-02
1.590487e+00,0.000000e+00,0.000000e+00,1.082229e-01,1.964907e-02,1.912068e-02,1.383581e-01,1.390475e-02,1.105614e-02,1.169261e-01,2.414929e-02,2.105607e-02,1.457361e-01,1.580283e-02,1.217473e-02,1.181243e-01,2.654692e-02,2.079377e-02,1.473961e-01,1.853347e-02,1.202405e-02
1.610620e+00,0.000000e+00,0.000000e+00,1.082156e-01,1.964972e-02,1.911748e-02,1.383489e-01,1.384004e-02,1.105429e-02,1.169329e-01,2.414558e-02,2.104850e-02,1.457467e-01,1.581139e-02,1.217037e-02,1.181282e-01,2.654142e-02,2.080412e-02,1.474017e-01,1.860265e-02,1.203001e-02
1.630753e+00,0.000000e+00,0.000000e+00,1.082139e-01,1.964480e-02,1.910222e-02,1.383454e-01,1.384533e-02,1.104549e-02,1.169340e-01,2.412645e-02,2.103101e-02,1.457488e-01,1.580682e-02,1.216028e-02,1.181271e-01,2.652474e-02,2.079637e-02,1.473999e-01,1.865779e-02,1.202555e-02
1.650886e+00,0.000000e+00,0.000000e+00,1.082134e-01,1.963470e-02,1.908683e-02,1.383450e-01,1.390987e-02,1.103663e-02,1.169299e-01,2.411081e-02,2.101728e-02,1.457438e-01,1.579050e-02,1.215237e-02,1.181231e-01,2.650978e-02,2.078053e-02,1.473940e-01,1.866938e-02,1.201641e-02
1.671018e+00,0.000000e+00,0.000000e+00,1.082110e-01,1.962020e-02,1.907110e-02,1.383420e-01,1.398911e-02,1.102756e-02,1.169222e-01,2.409579e-02,2.100476e-02,1.457324e-01,1.576042e-02,1.214515e-02,1.181181e-01,2.649384e-02,2.075531e-02,1.473869e-01,1.862679e-02,1.200187e-02
1.691151e+00,0.000000e+00,0.000000e+00,1.082108e-01,1.961248e-02,1.906106e-02,1.383426e-01,1.405325e-02,1.102177e-02,1.169168e-01,2.408714e-02,2.099753e-02,1.457244e-01,1.573832e-02,1.214098e-02,1.181185e-01,2.648597e-02,2.073148e-02,1.473876e-01,1.856166e-02,1.198813e-02
1.711284e+00,0.000000e+00,0.000000e+00,1.082166e-01,1.962007e-02,1.906946e-02,1.383505e-01,1.408267e-02,1.102661e-02,1.169160e-01,2.409458e-02,2.100767e-02,1.457232e-01,1.573960e-02,1.214682e-02,1.181215e-01,2.649538e-02,2.072856e-02,1.473918e-01,1.850563e-02,1.198645e-02
1.731417e+00,0.000000e+00,0.000000e+00,1.082243e-01,1.963431e-02,1.908823e-02,1.383596e-01,1.405502e-02,1.103744e-02,1.169188e-01,2.411467e-02,2.102757e-02,1.457260e-01,1.575646e-02,1.215830e-02,1.181228e-01,2.651525e-02,2.074543e-02,1.473940e-01,1.848367e-02,1.199617e-02
1.751549e+00,0.000000e+00,0.000000e+00,1.082219e-01,1.963899e-02,1.910051e-02,1.383570e-01,1.397458e-02,1.104451e-02,1.169208e-01,2.412974e-02,2.103909e-02,1.457293e-01,1.577112e-02,1.216494e-02,1.181223e-01,2.652858e-02,2.076493e-02,1.473934e-01,1.849562e-02,1.200742e-02
1.771682e+00,0.000000e+00,0.000000e+00,1.082156e-01,1.963944e-02,1.910674e-02,1.383487e-01,1.390255e-02,1.104810e-02,1.169245e-01,2.413621e-02,2.104365e-02,1.457342e-01,1.578719e-02,1.216757e-02,1.181233e-01,2.653335e-02,2.078140e-02,1.473945e-01,1.854044e-02,1.201692e-02
1.791815e+00,0.000000e+00,0.000000e+00,1.082128e-01,1.964157e-02,1.910809e-02,1.383446e-01,1.387302e-02,1.104888e-02,1.169281e-01,2.413448e-02,2.104175e-02,1.457393e-01,1.579872e-02,1.216647e-02,1.181253e-01,2.653297e-02,2.079190e-02,1.473967e-01,1.859301e-02,1.202297e-02
1.811948e+00,0.000000e+00,0.000000e+00,1.082119e-01,1.963989e-02,1.910002e-02,1.383430e-01,1.388405e-02,1.104423e-02,1.169289e-01,2.412605e-02,2.103252e-02,1.457410e-01,1.579617e-02,1.216116e-02,1.181243e-01,2.652405e-02,2.078898e-02,1.473955e-01,1.862781e-02,1.202128e-02
1.832080e+00,0.000000e+00,0.000000e+00,1.082107e-01,1.962947e-02,1.908354e-02,1.383412e-01,1.392206e-02,1.103473e-02,1.169260e-01,2.411047e-02,2.101726e-02,1.457370e-01,1.577652e-02,1.215236e-02,1.181212e-01,2.650778e-02,2.077125e-02,1.473911e-01,1.862839e-02,1.201106e-02
1.852213e+00,0.000000e+00,0.000000e+00,1.082087e-01,1.961867e-02,1.907112e-02,1.383390e-01,1.398209e-02,1.102756e-02,1.169204e-01,2.409798e-02,2.100733e-02,1.457290e-01,1.575757e-02,1.214663e-02,1.181184e-01,2.649622e-02,2.075115e-02,1.473871e-01,1.859885e-02,1.199947e-02
1.872346e+00,0.000000e+00,0.000000e+00,1.082111e-01,1.961817e-02,1.907143e-02,1.383429e-01,1.403673e-02,1.102774e-02,1.169180e-01,2.409727e-02,2.100953e-02,1.457258e-01,1.574990e-02,1.214790e-02,1.181195e-01,2.649681e-02,2.074117e-02,1.473889e-01,1.855267e-02,1.199372e-02
1.892479e+00,0.000000e+00,0.000000e+00,1.082154e-01,1.962464e-02,1.907784e-02,1.383486e-01,1.404913e-02,1.103144e-02,1.169183e-01,2.410528e-02,2.101736e-02,1.457253e-01,1.575113e-02,1.215241e-02,1.181214e-01,2.650455e-02,2.074102e-02,1.473913e-01,1.851561e-02,1.199364e-02
1.912611e+00,0.000000e+00,0.000000e+00,1.082176e-01,1.962964e-02,1.908558e-02,1.383509e-01,1.401157e-02,1.103591e-02,1.169192e-01,2.411449e-02,2.102562e-02,1.457263e-01,1.575401e-02,1.215717e-02,1.181220e-01,2.651358e-02,2.074817e-02,1.473921e-01,1.849657e-02,1.199776e-02
1.932744e+00,0.000000e+00,0.000000e+00,1.082160e-01,1.963373e-02,1.909573e-02,1.383497e-01,1.396243e-02,1.104175e-02,1.169206e-01,2.412507e-02,2.103526e-02,1.457292e-01,1.577082e-02,1.216273e-02,1.181218e-01,2.652389e-02,2.076312e-02,1.473924e-01,1.851267e-02,1.200637e-02
1.952877e+00,0.000000e+00,0.000000e+00,1.082133e-01,1.963765e-02,1.910356e-02,1.383459e-01,1.391980e-02,1.104627e-02,1.169230e-01,2.413270e-02,2.104140e-02,1.457321e-01,1.578499e-02,1.216627e-02,1.181225e-01,2.653069e-02,2.077840e-02,1.473929e-01,1.854701e-02,1.201519e-02
1.973010e+00,0.000000e+00,0.000000e+00,1.082114e-01,1.963812e-02,1.910189e-02,1.383431e-01,1.389545e-02,1.104530e-02,1.169256e-01,2.413069e-02,2.103771e-02,1.457361e-01,1.578961e-02,1.216414e-02,1.181234e-01,2.652787e-02,2.078345e-02,1.473946e-01,1.858139e-02,1.201809e-02
1.993142e+00,0.000000e+00,0.000000e+00,1.082106e-01,1.963348e-02,1.909212e-02,1.383418e-01,1.390114e-02,1.103967e-02,1.169259e-01,2.412037e-02,2.102712e-02,1.457370e-01,1.578206e-02,1.215804e-02,1.181232e-01,2.651792e-02,2.077668e-02,1.473941e-01,1.860238e-02,1.201419e-02
2.013275e+00,0.000000e+00,0.000000e+00,1.082100e-01,1.962708e-02,1.908337e-02,1.383407e-01,1.393914e-02,1.103463e-02,1.169236e-01,2.411055e-02,2.101953e-02,1.457335e-01,1.577168e-02,1.215366e-02,1.181212e-01,2.650886e-02,2.076584e-02,1.473913e-01,1.860126e-02,1.200794e-02
2.033408e+00,0.000000e+00,0.000000e+00,1.082106e-01,1.962243e-02,1.907736e-02,1.383422e-01,1.398382e-02,1.103116e-02,1.169215e-01,2.410497e-02,2.101515e-02,1.457309e-01,1.576074e-02,1.215114e-02,1.181210e-01,2.650342e-02,2.075410e-02,1.473910e-01,1.857754e-02,1.200117e-02
2.053541e+00,0.000000e+00,0.000000e+00,1.082107e-01,1.962069e-02,1.907521e-02,1.383424e-01,1.401248e-02,1.102993e-02,1.169185e-01,2.410279e-02,2.101420e-02,1.457263e-01,1.575139e-02,1.215059e-02,1.181199e-01,2.650169e-02,2.074502e-02,1.473894e-01,1.854274e-02,1.199594e-02
2.073673e+00,0.000000e+00,0.000000e+00,1.082128e-01,1.962367e-02,1.907850e-02,1.383453e-01,1.401560e-02,1.103182e-02,1.169184e-01,2.410681e-02,2.101848e-02,1.457260e-01,1.575092e-02,1.215305e-02,1.181209e-01,2.650627e-02,2.074385e-02,1.473908e-01,1.851589e-02,1.199526e-02
2.093806e+00,0.000000e+00,0.000000e+00,1.082147e-01,1.962927e-02,1.908800e-02,1.383479e-01,1.399577e-02,1.103730e-02,1.169194e-01,2.411660e-02,2.102848e-02,1.457274e-01,1.576017e-02,1.215882e-02,1.181213e-01,2.651581e-02,2.075310e-02,1.473918e-01,1.850921e-02,1.200060e-02
2.113939e+00,0.000000e+00,0.000000e+00,1.082148e-01,1.963339e-02,1.909578e-02,1.383476e-01,1.395759e-02,1.104179e-02,1.169216e-01,2.412516e-02,2.103564e-02,1.457299e-01,1.576949e-02,1.216295e-02,1.181223e-01,2.652331e-02,2.076475e-02,1.473928e-01,1.851916e-02,1.200731e-02
2.134072e+00,0.000000e+00,0.000000e+00,1.082120e-01,1.963433e-02,1.909775e-02,1.383441e-01,1.392291e-02,1.104292e-02,1.169225e-01,2.412720e-02,2.103625e-02,1.457316e-01,1.577606e-02,1.216330e-02,1.181224e-01,2.652519e-02,2.077202e-02,1.473929e-01,1.854243e-02,1.201151e-02
2.154204e+00,0.000000e+00,0.000000e+00,1.082105e-01,1.963361e-02,1.909498e-02,1.383422e-01,1.391216e-02,1.104132e-02,1.169236e-01,2.412463e-02,2.103164e-02,1.457335e-01,1.578183e-02,1.216064e-02,1.181226e-01,2.652255e-02,2.077410e-02,1.473937e-01,1.857222e-02,1.201270e-02
2.174337e+00,0.000000e+00,0.000000e+00,1.082100e-01,1.963145e-02,1.909147e-02,1.383413e-01,1.392269e-02,1.103930e-02,1.169231e-01,2.411918e-02,2.102825e-02,1.457333e-01,1.577728e-02,1.215869e-02,1.181217e-01,2.651752e-02,2.077182e-02,1.473928e-01,1.858298e-02,1.201139e-02
2.194470e+00,0.000000e+00,0.000000e+00,1.082090e-01,1.962647e-02,1.908356e-02,1.383399e-01,1.394504e-02,1.103474e-02,1.169208e-01,2.411049e-02,2.102011e-02,1.457301e-01,1.576490e-02,1.215400e-02,1.181200e-01,2.650992e-02,2.076205e-02,1.473899e-01,1.857430e-02,1.200576e-02
2.214603e+00,0.000000e+00,0.000000e+00,1.082091e-01,1.962258e-02,1.907858e-02,1.383398e-01,1.397765e-02,1.103187e-02,1.169196e-01,2.410695e-02,2.101737e-02,1.457277e-01,1.575934e-02,1.215241e-02,1.181194e-01,2.650505e-02,2.075294e-02,1.473892e-01,1.856140e-02,1.200051e-02
2.234735e+00,0.000000e+00,0.000000e+00,1.082105e-01,1.962250e-02,1.907851e-02,1.383419e-01,1.399892e-02,1.103182e-02,1.169190e-01,2.410668e-02,2.101851e-02,1.457267e-01,1.575499e-02,1.215307e-02,1.181203e-01,2.650570e-02,2.074789e-02,1.473899e-01,1.853706e-02,1.199759e-02
2.254868e+00,0.000000e+00,0.000000e+00,1.082129e-01,1.962602e-02,1.908357e-02,1.383451e-01,1.400115e-02,1.103475e-02,1.169198e-01,2.411224e-02,2.102434e-02,1.457275e-01,1.575695e-02,1.215643e-02,1.181214e-01,2.651091e-02,2.075006e-02,1.473915e-01,1.851973e-02,1.199885e-02
2.275001e+00,0.000000e+00,0.000000e+00,1.082140e-01,1.962915e-02,1.908814e-02,1.383469e-01,1.398025e-02,1.103738e-02,1.169209e-01,2.411760e-02,2.102885e-02,1.457294e-01,1.576000e-02,1.215904e-02,1.181221e-01,2.651657e-02,2.075489e-02,1.473932e-01,1.851316e-02,1.200163e-02
2.295134e+00,0.000000e+00,0.000000e+00,1.082127e-01,1.963109e-02,1.909205e-02,1.383450e-01,1.395391e-02,1.103963e-02,1.169211e-01,2.412209e-02,2.103231e-02,1.457296e-01,1.576762e-02,1.216103e-02,1.181215e-01,2.652064e-02,2.076173e-02,1.473925e-01,1.852423e-02,1.200558e-02
2.315266e+00,0.000000e+00,0.000000e+00,1.082112e-01,1.963193e-02,1.909447e-02,1.383429e-01,1.393142e-02,1.104103e-02,1.169213e-01,2.412242e-02,2.103297e-02,1.457301e-01,1.577157e-02,1.216141e-02,1.181216e-01,2.652198e-02,2.076781e-02,1.473920e-01,1.853844e-02,1.200908e-02
2.335399e+00,0.000000e+00,0.000000e+00,1.082108e-01,1.963235e-02,1.909409e-02,1.383421e-01,1.392546e-02,1.104081e-02,1.169228e-01,2.412302e-02,2.103270e-02,1.457318e-01,1.577500e-02,1.216126e-02,1.181225e-01,2.652090e-02,2.077037e-02,1.473929e-01,1.855748e-02,1.201055e-02
2.355532e+00,0.000000e+00,0.000000e+00,1.082097e-01,1.962942e-02,1.908875e-02,1.383411e-01,1.393180e-02,1.103773e-02,1.169220e-01,2.411739e-02,2.102682e-02,1.457313e-01,1.576979e-02,1.215787e-02,1.181217e-01,2.651568e-02,2.076593e-02,1.473922e-01,1.856502e-02,1.200799e-02
2.375665e+00,0.000000e+00,0.000000e+00,1.082088e-01,1.962570e-02,1.908387e-02,1.383392e-01,1.395227e-02,1.103491e-02,1.169205e-01,2.411172e-02,2.102258e-02,1.457283e-01,1.576401e-02,1.215542e-02,1.181204e-01,2.651019e-02,2.075933e-02,1.473896e-01,1.856128e-02,1.200419e-02
2.395797e+00,0.000000e+00,0.000000e+00,1.082102e-01,1.962429e-02,1.908078e-02,1.383418e-01,1.397512e-02,1.103313e-02,1.169205e-01,2.410995e-02,2.102024e-02,1.457291e-01,1.575942e-02,1.215407e-02,1.181213e-01,2.650858e-02,2.075315e-02,1.473914e-01,1.854800e-02,1.200062e-02
2.415930e+00,0.000000e+00,0.000000e+00,1.082105e-01,1.962445e-02,1.908172e-02,1.383420e-01,1.398829e-02,1.103368e-02,1.169194e-01,2.411053e-02,2.102217e-02,1.457271e-01,1.575717e-02,1.215518e-02,1.181206e-01,2.650922e-02,2.075084e-02,1.473904e-01,1.853174e-02,1.199929e-02
2.436063e+00,0.000000e+00,0.000000e+00,1.082119e-01,1.962623e-02,1.908351e-02,1.383436e-01,1.398807e-02,1.103471e-02,1.169203e-01,2.411424e-02,2.102496e-02,1.457277e-01,1.575976e-02,1.215679e-02,1.181214e-01,2.651217e-02,2.075084e-02,1.473915e-01,1.852244e-02,1.199930e-02
2.456196e+00,0.000000e+00,0.000000e+00,1.082126e-01,1.962864e-02,1.908848e-02,1.383445e-01,1.397349e-02,1.103758e-02,1.169208e-01,2.411807e-02,2.102981e-02,1.457287e-01,1.576236e-02,1.215959e-02,1.181217e-01,2.651652e-02,2.075600e-02,1.473922e-01,1.851714e-02,1.200227e-02
2.476328e+00,0.000000e+00,0.000000e+00,1.082123e-01,1.963079e-02,1.909133e-02,1.383443e-01,1.395484e-02,1.103922e-02,1.169217e-01,2.412181e-02,2.103195e-02,1.457299e-01,1.576779e-02,1.216082e-02,1.181224e-01,2.652022e-02,2.076092e-02,1.473929e-01,1.852492e-02,1.200511e-02
2.496461e+00,0.000000e+00,0.000000e+00,1.082113e-01,1.963118e-02,1.909262e-02,1.383431e-01,1.393820e-02,1.103996e-02,1.169219e-01,2.412224e-02,2.103261e-02,1.457306e-01,1.576926e-02,1.216120e-02,1.181222e-01,2.652061e-02,2.076470e-02,1.473931e-01,1.853540e-02,1.200729e-02
2.516594e+00,0.000000e+00,0.000000e+00,1.082101e-01,1.963047e-02,1.909091e-02,1.383416e-01,1.393408e-02,1.103897e-02,1.169216e-01,2.412065e-02,2.103051e-02,1.457306e-01,1.577028e-02,1.215999e-02,1.181219e-01,2.651879e-02,2.076503e-02,1.473926e-01,1.854838e-02,1.200747e-02
2.536727e+00,0.000000e+00,0.000000e+00,1.082100e-01,1.962887e-02,1.908768e-02,1.383410e-01,1.394358e-02,1.103712e-02,1.169216e-01,2.411728e-02,2.102706e-02,1.457301e-01,1.576913e-02,1.215800e-02,1.181216e-01,2.651544e-02,2.076206e-02,1.473921e-01,1.855347e-02,1.200577e-02
2.556859e+00,0.000000e+00,0.000000e+00,1.082094e-01,1.962634e-02,1.908474e-02,1.383405e-01,1.395549e-02,1.103542e-02,1.169203e-01,2.411311e-02,2.102439e-02,1.457287e-01,1.576147e-02,1.215646e-02,1.181209e-01,2.651197e-02,2.075760e-02,1.473909e-01,1.854565e-02,1.200319e-02
2.576992e+00,0.000000e+00,0.000000e+00,1.082102e-01,1.962470e-02,1.908259e-02,1.383417e-01,1.396814e-02,1.103418e-02,1.169200e-01,2.411024e-02,2.102249e-02,1.457286e-01,1.575558e-02,1.215537e-02,1.181213e-01,2.650996e-02,2.075317e-02,1.473914e-01,1.853323e-02,1.200064e-02
2.597125e+00,0.000000e+00,0.000000e+00,1.082100e-01,1.962503e-02,1.908267e-02,1.383417e-01,1.397946e-02,1.103422e-02,1.169191e-01,2.411180e-02,2.102369e-02,1.457274e-01,1.575669e-02,1.215606e-02,1.181204e-01,2.651105e-02,2.075099e-02,1.473908e-01,1.852510e-02,1.199938e-02
2.617258e+00,0.000000e+00,0.000000e+00,1.082110e-01,1.962677e-02,1.908583e-02,1.383427e-01,1.397800e-02,1.103604e-02,1.169199e-01,2.411496e-02,2.102770e-02,1.457277e-01,1.575808e-02,1.215837e-02,1.181212e-01,2.651373e-02,2.075278e-02,1.473913e-01,1.851653e-02,1.200042e-02
2.637390e+00,0.000000e+00,0.000000e+00,1.082116e-01,1.962866e-02,1.908904e-02,1.383432e-01,1.396776e-02,1.103790e-02,1.169207e-01,2.411844e-02,2.103072e-02,1.457283e-01,1.576172e-02,1.216011e-02,1.181215e-01,2.651695e-02,2.075643e-02,1.473917e-01,1.851588e-02,1.200252e-02
2.657523e+00,0.000000e+00,0.000000e+00,1.082111e-01,1.962967e-02,1.908992e-02,1.383428e-01,1.395299e-02,1.103841e-02,1.169210e-01,2.412050e-02,2.103108e-02,1.457292e-01,1.576438e-02,1.216032e-02,1.181217e-01,2.651875e-02,2.075901e-02,1.473923e-01,1.852163e-02,1.200401e-02
2.677656e+00,0.000000e+00,0.000000e+00,1.082103e-01,1.963008e-02,1.909041e-02,1.383417e-01,1.394491e-02,1.103868e-02,1.169209e-01,2.412118e-02,2.103121e-02,1.457291e-01,1.576800e-02,1.216039e-02,1.181212e-01,2.651918e-02,2.076137e-02,1.473919e-01,1.853262e-02,1.200537e-02
2.697789e+00,0.000000e+00,0.000000e+00,1.082098e-01,1.962968e-02,1.908962e-02,1.383408e-01,1.394226e-02,1.103823e-02,1.169209e-01,2.411974e-02,2.103016e-02,1.457290e-01,1.576714e-02,1.215979e-02,1.181214e-01,2.651799e-02,2.076161e-02,1.473916e-01,1.853808e-02,1.200550e-02
2.717921e+00,0.000000e+00,0.000000e+00,1.082095e-01,1.962802e-02,1.908768e-02,1.383402e-01,1.394727e-02,1.103711e-02,1.169207e-01,2.411669e-02,2.102817e-02,1.457285e-01,1.576384e-02,1.215864e-02,1.181211e-01,2.651514e-02,2.075967e-02,1.473911e-01,1.853941e-02,1.200439e-02
2.738054e+00,0.000000e+00,0.000000e+00,1.082097e-01,1.962670e-02,1.908462e-02,1.383409e-01,1.395886e-02,1.103535e-02,1.169205e-01,2.411456e-02,2.102541e-02,1.457289e-01,1.576204e-02,1.215705e-02,1.181212e-01,2.651315e-02,2.075566e-02,1.473917e-01,1.853697e-02,1.200208e-02
2.758187e+00,0.000000e+00,0.000000e+00,1.082110e-01,1.962586e-02,1.908320e-02,1.383424e-01,1.396722e-02,1.103453e-02,1.169213e-01,2.411326e-02,2.102415e-02,1.457294e-01,1.575704e-02,1.215633e-02,1.181224e-01,2.651210e-02,2.075232e-02,1.473926e-01,1.852626e-02,1.200015e-02
2.778320e+00,0.000000e+00,0.000000e+00,1.082108e-01,1.962648e-02,1.908468e-02,1.383426e-01,1.397483e-02,1.103538e-02,1.169206e-01,2.411484e-02,2.102680e-02,1.457289e-01,1.575837e-02,1.215786e-02,1.181216e-01,2.651327e-02,2.075221e-02,1.473923e-01,1.852008e-02,1.200009e-02
2.798452e+00,0.000000e+00,0.000000e+00,1.082112e-01,1.962719e-02,1.908538e-02,1.383428e-01,1.397153e-02,1.103579e-02,1.169207e-01,2.411603e-02,2.102727e-02,1.457287e-01,1.575868e-02,1.215812e-02,1.181219e-01,2.651469e-02,2.075234e-02,1.473921e-01,1.851466e-02,1.200016e-02
2.818585e+00,0.000000e+00,0.000000e+00,1.082107e-01,1.962836e-02,1.908827e-02,1.383426e-01,1.396245e-02,1.103745e-02,1.169204e-01,2.411818e-02,2.103032e-02,1.457288e-01,1.575930e-02,1.215988e-02,1.181213e-01,2.651691e-02,2.075517e-02,1.473921e-01,1.851179e-02,1.200179e-02
2.838718e+00,0.000000e+00,0.000000e+00,1.082108e-01,1.962922e-02,1.908993e-02,1.383424e-01,1.395356e-02,1.103841e-02,1.169210e-01,2.411984e-02,2.103185e-02,1.457291e-01,1.576211e-02,1.216076e-02,1.181218e-01,2.651832e-02,2.075803e-02,1.473923e-01,1.851692e-02,1.200344e-02
2.858851e+00,0.000000e+00,0.000000e+00,1.082104e-01,1.962953e-02,1.908953e-02,1.383418e-01,1.394797e-02,1.103818e-02,1.169212e-01,2.411983e-02,2.103085e-02,1.457294e-01,1.576450e-02,1.216019e-02,1.181218e-01,2.651849e-02,2.075904e-02,1.473923e-01,1.852424e-02,1.200402e-02
2.878983e+00,0.000000e+00,0.000000e+00,1.082110e-01,1.962888e-02,1.908853e-02,1.383425e-01,1.394705e-02,1.103760e-02,1.169222e-01,2.411859e-02,2.102982e-02,1.457308e-01,1.576415e-02,1.215959e-02,1.181228e-01,2.651710e-02,2.075866e-02,1.473937e-01,1.852850e-02,1.200380e-02
2.899116e+00,0.000000e+00,0.000000e+00,1.082099e-01,1.962804e-02,1.908707e-02,1.383411e-01,1.395190e-02,1.103676e-02,1.169209e-01,2.411734e-02,2.102861e-02,1.457292e-01,1.576254e-02,1.215890e-02,1.181215e-01,2.651567e-02,2.075705e-02,1.473921e-01,1.852958e-02,1.200287e-02
2.919249e+00,0.000000e+00,0.000000e+00,1.082101e-01,1.962681e-02,1.908530e-02,1.383414e-01,1.395885e-02,1.103574e-02,1.169210e-01,2.411541e-02,2.102689e-02,1.457292e-01,1.575910e-02,1.215790e-02,1.181218e-01,2.651395e-02,2.075444e-02,1.473922e-01,1.852571e-02,1.200137e-02
2.939382e+00,0.000000e+00,0.000000e+00,1.082103e-01,1.962594e-02,1.908464e-02,1.383416e-01,1.396595e-02,1.103536e-02,1.169210e-01,2.411410e-02,2.102678e-02,1.457289e-01,1.575760e-02,1.215784e-02,1.181224e-01,2.651296e-02,2.075239e-02,1.473922e-01,1.851897e-02,1.200019e-02
2.959514e+00,0.000000e+00,0.000000e+00,1.082111e-01,1.962692e-02,1.908543e-02,1.383428e-01,1.396952e-02,1.103581e-02,1.169216e-01,2.411590e-02,2.102814e-02,1.457298e-01,1.575745e-02,1.215863e-02,1.181226e-01,2.651432e-02,2.075208e-02,1.473931e-01,1.851361e-02,1.200001e-02
2.979647e+00,0.000000e+00,0.000000e+00,1.082108e-01,1.962703e-02,1.908642e-02,1.383422e-01,1.396642e-02,1.103639e-02,1.169209e-01,2.411559e-02,2.102867e-02,1.457287e-01,1.575727e-02,1.215893e-02,1.181221e-01,2.651510e-02,2.075245e-02,1.473920e-01,1.850754e-02,1.200022e-02
2.999780e+00,0.000000e+00,0.000000e+00,1.082101e-01,1.962784e-02,1.909034e-02,1.383416e-01,1.395865e-02,1.103865e-02,1.169201e-01,2.411716e-02,2.103281e-02,1.457282e-01,1.576123e-02,1.216132e-02,1.181211e-01,2.651673e-02,2.075668e-02,1.473915e-01,1.850514e-02,1.200266e-02
